Website,Company Name,Email,Facebook,Twitter,LinkedIn,Instagram,Name
cosplayflying.com,Cosplayflying: Buy Best Halloween&Movie&Anime&Game Cosplay Costumes, cosplayflying@gmail.com,cosplayflying,cosplayflying,,cosplayflying,cosplayflying
crokodeal.fr,Crokodeal - Des gadgets et cadeaux inédits et insolites pour tous,support@crokodeal.fr,,,,,crokodeal
dermaklaen-suisse.ch,"Derma Klaen®
 – Derma Klaen® Suisse",support@dermaklaen-suisse.ch,,,,,dermaklaen-suisse
drmannahs.com,"DrMannahs Happy Cheeze GmbH - Vegane Käsealternativen aus Cashew
 – Dr. Mannahs - Vegane Käse Alternativen",support@drmannahs.com,drmannahs,,,drmannahs,drmannahs
easydeals.fr,EasyDeals™ - Le Deal Facile !,contact@easydeals.fr,,,,easydeals.fr,easydeals
egosabbigliamento.it,"Egos
 – ego's abbigliamento",gramarsas@yahoo.com,egossalaconsilina,,,egos_abbigliamento,egosabbigliamento
elektroniktrade.ch,Visa,"service@elektroniktrade.ch, support@elektroniktrade.ch",etradeCH,elektroniktrade,,elektroniktrade.ch,elektroniktrade
eshop-guide.de,Shopify Agentur | Bestbewertete Shopify Experten in Deutschland, ipad_iphone_1b535190-7848-486c-871b-942b79664f91_600x600@2x.gif,shopifydeutschland,,eshop-guide,,eshop-guide
fabehe.com,Fabehe,support@fabehe.com,,,,,fabehe
fairyglen.com,"FairyGlen.com Official Site: Fairy Figurines, Dragons, Fantasy Gifts — FairyGlen Store",info@FairyGlen.com,FairyGlen,,,,fairyglen
firstpressgames.com,First Press Games - High Grade physical Releases,first_press_games_loading_v2_134x134_crop_center@2x.gif,firstpressgames,firstpressgames,,firstpressgames,firstpressgames
frederickbenjamin.com,"Products for Dry Scalp & Coarse, Curly Hair | Frederick Benjamin",,frederickbenjamingrooming,,,fredbgrooming,frederickbenjamin
fruggies.com,Fruggies® | Eat More Fruits and Veggies - Commandez Fruggies® en ligne,hello@fruggies.com,fruggiesfoods,fruggiesfoods,,fruggies.com,fruggies
gents.ch,Gents Swiss Roots Tonic Water – gentstonic,"email@beispiel.com, bringmir@gents.ch",GentsSwissRootsTonic,,,gents_swiss_roots,gents
getnovashop.com,Get Nova Shop | For the soft touch – NovaShop,contact@getnovashop.com,,,,,getnovashop
homedirect.com.au,"Home Direct Australia I Bedding, Bedroom, Home Fragrance, Bamboo Linen",info@homedirect.com.au,HomeDirectAustralia,,,homedirectaustralia,homedirect
hundebuntewelt.de,Hundebuntewelt. Zeit für Mensch und Hund,termin@hundebuntewelt.de,,,,,hundebuntewelt
hybrid-smartwatch.shop,"Entdecke die beliebtesten Fitnessuhren, Smartwatches & Hybrid Uhren
 – hybrid-smartwatch.shop",kontakt@hybrid-smartwatch.shop,,,,,hybrid-smartwatch
iface.com,iFace Phone Cases | Face It. Your Phone Deserves Better, support@iface.com,iFace,,,iface_official,iface
inhaircare.co,In Haircare - Soins capillaires naturels,hello@inhaircare.co,,,,,inhaircare
jujimufu.com,Jujimufu,,,,,jujimufu,jujimufu
kleiderberg.ch,Kleiderberg - Stilvoll gegen Verschwendung,info@kleiderberg.ch,kleiderberg.ch,,,kleiderberg.ch,kleiderberg
korres.ch,KORRES - Griechische Hautpflege für natürliche Schönheit,kontakt@korres-dach.de,deKorres,,,korresde,korres
laetitia-naturprodukte.de,"Laetitia Naturprodukte - Wir stärken, was in uns steckt!",info@bitterstern.de,bitterstern,,,laetitia_naturprodukte,laetitia-naturprodukte
le-shop-beaute.com,Le Shop Beauté - La Boutique N°1 Des Bonnes Affaires Beauté et Minceur,"cintre_pliable_magique_111_360x560@2x.PNG, Epilateur_electrique_sans_douleur_homme_et_femme_pas_cher_livraison_gratuite_360x560@2x.PNG, contact@le-shop-beaute.com",,,,,le-shop-beaute
le-temple-du-sommeil.fr,"Masque de sommeil, casque anti-bruit pour dormir.... – Le Temple Du Sommeil","boutique-massage_100x@2x.PNG, contact@le-temple-du-sommeil.fr",,,,,le-temple-du-sommeil
livsy.de,Livsy Switzerland,kontakt@livsy.de,,,,,livsy
lupenbrillen24.ch,"Lupenbrillen, Medizinal-Lupenbrillen, Fernrohrlupen - Onlineshop – www.lupenbrillen24.ch",info@lupenbrillen24.ch,,,,,lupenbrillen24
michelebinswanger.com,"Michèle Binswanger: Die Zuger Landammann-Affäre
 – MBX Publications",C@swiss.social,,JolandaSpiess,,,michelebinswanger
miniature.com,"MINI A TURE - Sustainable outerwear and clothing for boys and girls
– Miniature.com",web@miniature.dk,MINIATUREcopenhagen,,,miniature_cph,miniature
monloove.com,LOOVE • Pensé pour l'autonomie de nos enfants,bonjour@monloove.com,monloovecom,monloovecom,,monloove,monloove
motorbunny.com,Motorbunny - Latest Riding Sex Machines and Sex Toys,support@motorbunny.com,,motorbunny,,motorbunnyofficial,motorbunny
nomadtribeswim.com,Nomad Tribe Swim online store,,nomadtribeswim,,,nomadtribeswim,nomadtribeswim
northvivor.com,Northvivor | Tu tienda de material de aventura,"atencionalcliente@northvivor.com, hola@northvivor.com",northvivor,northvivor,,northvivor,northvivor
novioo-zurich.ch,NOVIO ZURICH,support@novioo-zurich.ch,,,,,novioo-zurich
onasnatural.de,"DE Ona Natural, Inc.",ona@onasnatural.com,onasnatural,,,,onasnatural
orloffwatches.dk,Ure inspireret af den danske vestkyst – Orloff Watches,"support@orloffwatches.com, test@ditur.dk, Support@orloffwatches.com",orloffwatches,,,orloffwatches,orloffwatches
patchworkninja.com,Patchwork Ninja,,,,,,patchworkninja
perona.com,Perona | Official Website & Online Store,connect@perona.com,weareperona,,,weareperona,perona
pioupioubyblondie.com,Spray eclaircissant cheveux - Pioupiou by blondie,contact@pioupioubyblondie.com,,,,,pioupioubyblondie
plussmoke.ch,PLUSSMOKE,,,,,,plussmoke
pomadenbude.de,"PomadenBude | Pomaden, Haar- & Bartpflege | Große Auswahl",info@pomadenbude.de,pomadenbude,,,pomadenbude,pomadenbude
priveeparis.in,Designer Shirts for Men (India) | Privee Paris,contact@priveeparis.in,priveeparis,,,priveeparis,priveeparis
ranianias.ch,"Culottes menstruelles suisse | Les meilleures culottes de règles
    
    
    
      – Ranianias", infos@ranianias.ch,ranianias.official,,,ranianias.official,ranianias
reformhaus.de,"Reformhaus® – Ihr Inspirationsgeber für ein vitales Leben
 — Reformhaus.de","service@reformhaus-digital.de, muster@mann.de, anna.schuster@netformic.com, u003eanna.schuster@netformic.com",reformhaus.de,,,reformhaus.de,reformhaus
response.cl,Response - Emergencia y Seguridad,info@response.cl,response.chile,Responsecl,,response.chile,response
restnergy.com,Restnergy | If You Feel Amazing You Do Amazing - Free Shipping,Support@restnergy.com,Restnergy,,,Restnergy,restnergy
ridgewallet.co.uk,The Ridge UK,support@ridge.com,ridgewallet,RidgeWallet,,ridgewallet,ridgewallet
riwi-buildit.ch,"RIWI XXL Bausteine - Riesengroße Soft Bausteine für Kinder
 – RIWI buildit CH",office@riwi-buildit.ch,RIWIbuildit,RIWI_buildit,,riwi_buildit,riwi-buildit
roswitasshop.de,Roswitas Shop,info@roswitasshop.de,,,,roswitaruehl,roswitasshop
santevie.ch,"Produits naturels, vivants et innovants pour maintenir votre vitalité — Santevie",contact@santevie.ch,santeviesuisse,,,santevie_suisse,santevie
satorijewelry.org,Satori Jewelry,support@satorijewelry.org,satorijewelryorg,,,satorijewelryorg,satorijewelry
secend.ch,Secend.ch - Rette Lebensmittel. Spare Geld.,info@secend.ch,Secendch,,,secend.ch,secend
secretlabchairs.ca,Secretlab Gaming Chairs & Gaming Desk | Secretlab CA,fb456e619ac54bedba8b4a153767c2df@o434030.ingest.sentry,Secretlab,secretlabchairs,,secretlab,secretlabchairs
set-de-table-boutique.com,Set de Table Boutique | Achetez les meilleurs Sets de Table,set.de.table.boutique@gmail.com,,,,,set-de-table-boutique
shopboldr.com,BOLDR,,shopboldr,,,shopboldr,shopboldr
shoptacbd.com,"Boutique de CBD et HHC | Vente en ligne et magasins
 – SHOPTACBD",contact@shoptacbd.com,Zenovap,,,shoptacbd.paris,shoptacbd
shoptheracap.com,"TheraCap - Reduce Headaches & Migraines With Hot & Cold Therapy
– TheraCap™","order@shoptheracap.com, kilatechapps@gmail.com",,,,,shoptheracap
simplynas.com,QNAP NAS | Synology NAS | Thecus NAS | SimplyNAS - The NAS Experts,sales@simplynas.com,simplynasllc,simplynas,,,simplynas
smplest.eu,Smplest Testing - Reagent Checking Made Easy | Smplest," u003einfo@smplest.eu, info@smplest.eu",sharer.php,share,,,smplest
solo-satisfaction.com,Solo Satisfaction™,contact@solo-satisfaction.com,,,,,solo-satisfaction
souffleinterieur.com,Magasin de meuble à Cesson - Souffle D'intérieur,,souffledinterieur77,,,souffledinterieurshop,souffleinterieur
squaremade.com,Squaremade,"info@squaremade.com, gift@squaremade.com, returns@squaremade.com",squaremaderings,squaremaderings,,squaremaderings,squaremade
techmarkit.co.za,"TechMarkit | New, Refurbished & Pre Owned Tech For Sale",info@techmarkit.co.za,techmarkitsa,,,,techmarkit
terpyz.eu,TerpyZ | World's No.1 Seed Bank for Cannabis Mutants,info@terpyz.eu,TerpyZ,,77390625,terpyz.mutant.genetics,terpyz
tiergourmet.ch,tier-gourmet Hunde Katzen,info@tiergourmet.ch,tiergourmet,share,,tiergourmet.ch,tiergourmet
tomandteddy.co.uk,Australian Beachwear for Father & Son,"example@example.com, contact@tomandteddy.com",TomandTeddy,Tom_and_Teddy,,tomandteddy,tomandteddy
tomflowers.ch,TOM FLOWERS - Blumen online bestellen und schicken,service@tomflowers.ch,tomflowersltd,,,tomflowersltd,tomflowers
tomvoyager.co.za,The Finest Quality Handcrafted Bags | Luxury The Mzansi Way – Tom Voyager SA,info@tomvoyager.co.za,TomVoyagerSA,,,tomvoyagersa,tomvoyager
treesteem.com,"Nature Clothing Brand - 12 Trees Planted for each Product Sold
 – Treesteem Clothing",clothing@treesteem.com,Treesteem,,,treesteem_clothing,treesteem
unifyart.ch,UNIFYART.CH – Unifyart,"5f03005d-737e-47ac-9854-b5e108e73c0b@2x.webp, Ei-LED-Kosmetische-Lagerung-Box-Spiegel-Make-Up-Organizer-Abnehmbare-Desktop-Organizer-Kreative-Sch-nheit-Box.jpg_Q90.jpg__3@2x.webp, Ei-LED-Kosmetische-Lagerung-Box-Spiegel-Make-Up-Organizer-Abnehmbare-Desktop-Organizer-Kreative-Sch-nheit-Box.jpg_Q90.jpg__1@2x.webp, info@unifyart.ch, Egg-LED-Cosmetic-Storage-Box-Mirror-Makeup-Organizer-Detachable-Desktop-Organizer-Creative-Beauty-Box-Birthday-Gift_jpg_Q90_jpg@2x.webp, Ei-LED-Kosmetische-Lagerung-Box-Spiegel-Make-Up-Organizer-Abnehmbare-Desktop-Organizer-Kreative-Sch-nheit-Box.jpg_Q90.jpg__2@2x.webp, ef326abf-6b7a-4746-8127-2251f2f7734d@2x.webp, Ei-LED-Kosmetische-Lagerung-Box-Spiegel-Make-Up-Organizer-Abnehmbare-Desktop-Organizer-Kreative-Sch-nheit-Box_jpg_Q90_jpg@2x.webp",Unifyart.ch,,,unifyart.ch,unifyart
upscaleaudio.com,Upscale Audio,info@upscaleaudio.com,UpscaleAudio,,,upscaleaudiosocal,upscaleaudio
urbanessentials.com.ph,Urban Essentials Philippines,urbanessentialsph@gmail.com,urbanessentialsinc,,,urbanessentialsphilippines,urbanessentials
urbangreendistro.com,Urban Green Distro,"sales@urbangreendistro.com, insta-bar-pod-jetable-5000-puffs-12ml-0-mg-aloe-grape-2_280x280@2x.webp",,,,,urbangreendistro
usondeals.com,Usondeals,"3f4d33a1ab5d396cfa9755798a9fc9bd_350x@2x.webp, 113101637482ed1763d91ecb6d096a64_1080x_b3b22693-ac8b-4ffe-9b1b-5d057efb9e52_350x@3x.gif, a1907e1cd7b493c9fe283979b7fe9f2681a297bdd3b8d22135620d695bbe8a05-600_350x@3x.gif, a1907e1cd7b493c9fe283979b7fe9f2681a297bdd3b8d22135620d695bbe8a05-600_350x@2x.gif, 2_2fa05dc1-cdab-4b21-94b0-a706abd291b1_350x@2x.webp, 2_2fa05dc1-cdab-4b21-94b0-a706abd291b1_350x@3x.webp, 1_25ab2628-6abf-478a-b6c5-42fe8d152049_350x@3x.webp, a3c4077006e9cfe847ffc848a1e624aba151f8151d8646bbba441c71fcc4efdd-600_350x@3x.gif, 7f39685d662ab4e206ad4e4e97c582a39d3d0860ad1f02d053e1123a7f4f05af-600_350x@3x.webp, 3f4d33a1ab5d396cfa9755798a9fc9bd_350x@3x.webp, 113101637482ed1763d91ecb6d096a64_1080x_b3b22693-ac8b-4ffe-9b1b-5d057efb9e52_350x@2x.gif, 7f39685d662ab4e206ad4e4e97c582a39d3d0860ad1f02d053e1123a7f4f05af-600_350x@2x.webp, 1_25ab2628-6abf-478a-b6c5-42fe8d152049_350x@2x.webp, a3c4077006e9cfe847ffc848a1e624aba151f8151d8646bbba441c71fcc4efdd-600_350x@2x.gif",,,,,usondeals
valleyandpeak.co.uk,Valley and Peak | UK Supplier of Quality Outdoor Gear,,ValleyandPeak,valleyandpeak,,valleyandpeakuk,valleyandpeak
vaxum.in,Vaxum,"support@vaxum.com, Support@Vaxum.in, vacuumjoy@gmail.com",,,,,vaxum
veggiereggie.in,Veggie Reggie India | Home,info@veggiereggie.in,veggiereggie.in,veggiereggie_in,veggie-reggie-india,veggiereggie.in,veggiereggie
velo67.ch,Dein Rennvelo Shop in Zürich – Velo67,info@velo67.ch,velo67.ch,,,velo67shop,velo67
vitadeal.fr,vitadeal.fr – VitaDeal™,info@vitadeal.fr,VitaDeal,,,vitadeal_official,vitadeal
waerchzueg.ch,"Produkte für Camperumbau, Werkzeuge und Solar ab Lager Winterthur
– waerchzueg.ch","3_neue_The_Sunnyside_instagram_-2-Wiederhergestellt_800x_ad033d8f-c05d-44da-86bd-b7535551d7bb_1024x1024@2x.webp, neue2_birne_campligt_vintage_bulb_thesunnyside_800x_0341f616-1015-4899-895f-9bcf2fe54dc1_110x110@2x.webp, birne_campligt_vintage_bulb_thesunnyside_800x_1_110x110@2x.webp, birne_campligt_vintage_bulb_thesunnyside_800x_1_1024x1024@2x.webp, 3_neue_The_Sunnyside_instagram_-2-Wiederhergestellt_800x_ad033d8f-c05d-44da-86bd-b7535551d7bb_110x110@2x.webp, birne_campligt_vintage_bulb_thesunnyside_800x_1_530x@2x.webp, birne_hozboden_campligt_vintage_bulb_thesunnyside_800x_2271bee1-f008-40aa-a81e-a70a47cf0599_110x110@2x.webp, mail@waerchzueg.ch, neue2_birne_campligt_vintage_bulb_thesunnyside_800x_0341f616-1015-4899-895f-9bcf2fe54dc1_1024x1024@2x.webp, birne_hozboden_campligt_vintage_bulb_thesunnyside_800x_2271bee1-f008-40aa-a81e-a70a47cf0599_1024x1024@2x.webp",waerchzueg.ch,,,,waerchzueg
wmshoe.net,Online Shop für Herren- und Damen-Sportschuhe in Deutschland - Wmshoe– Wmshoe Schuhe,info@wmshoe.net,,,,,wmshoe
wpl-rc.com,"Official Webstore of WPL RC
 – WPL RC Official Store"," nomeutente@example.com, u00e4ndarnamn@exempel.com",,,,,wpl-rc
wundergarten.shop,Wunder für Pflanzen durch Pflanzenkohle,info@wundergarten.shop,wundergartenofficial,,wundererde,wundergarten_official,wundergarten
yorkshirevagsolutions.co.uk,Yorkshire VAG Solutions,admin@yorkshirevagsolutions.co.uk,yorkshirevagsolutions,,,,yorkshirevagsolutions
zareo.ch,zareo-zurich,Kundendienst@zareo.ch,,,,,zareo
zone-vintage.com,Zone Vintage | Boutique de Vêtements Vintage,contact@zone-vintage.com,,,,,zone-vintage
aiyima.com,AIYIMA | AMPLIFIER & DECODER AUDIO,"u003eyimamarketing@outlook.com, sale@aiyima.com, yimamarketing@outlook.com",AiyimaAudio,shopify,,aiyimaofficial,aiyima
candyco.co.nz,Candy Co: Order Lollies Online - Lolly Shop,info@candyco.co.nz,candycoltd,candycoltd,,candycoltd,candyco
gotoskincare.com,Go-To | Uncomplicated Skin Care That Actually Works,"cutehead@gotoskincare.com, info@gotoskincare.com",gotoskincare,,,gotoskincare,gotoskincare
apexi-usa.com,A'PEXi | APEXi USA,Sales@apexi-usa.com,APEXi.USA,,,apexiusa,apexi-usa
artesanos.co.nz,Artesanos NZ - Latin craft store in Aotearoa New Zealand,contact@artesanos.co.nz,artesanosnz,,,artesanos.nz,artesanos
hobbywingdirect.com,HOBBYWING North America,NorthAmerica@hobbywing.com,Hobbywing.NA,Hobbywing_,,hobbywing,hobbywingdirect
honestchocolat.com,Honest Chocolat Matakana Auckland,hello@honestchocolat.com,honestchocolatmatakana,,,honestchocolatmatakana,honestchocolat
accord.dk,ACCORD - Danmarks største forhandler af brugt musik og film,WEBSHOP@ACCORD.DK,,,,,accord
anewsleep.dk,anew sleep - Dansk forhandler af tyngdedyner i den bedste kvalitet,hej@anewsleep.dk,anewsleep,,,anewsleep,anewsleep
asiatownmarket.dk,Asia Town Market,kontakt@asiatownmarket.dk,,,,,asiatownmarket
austpekbathrooms.com.au,Bathroom Accessories | Bathroom Tapware | Austpek Bathrooms,"aftersales@austpekbathrooms.com.au, sales@austpekbathrooms.com.au",Austpek,,,austpekbathrooms,austpekbathrooms
barons.dk,Business skjorter til Corporate Warriors | BARONS®,"1jrtng0js5jfb0c4hoqpl7rkrk@group.calendar.google.com, customer@barons.dk",,,,,barons
bernerkuhl.com,Berner Kühl – BERNERKUHL.COM,"hello@bernerkuhl.com, contact@bernerkuhl.com",,,,bernerkuhl,bernerkuhl
camcamcopenhagen.com,Cam Cam Copenhagen | Official Website | Scandinavian Nursery Interior – camcamcopenhagen.com,info@camcamcopenhagen.com,Cam,,,camcam_cph,camcamcopenhagen
clutch-cafe.com,Clutch Cafe London - Official Site,info@clutch-cafe.com,clutchcafelondon,clutchcafeldn,,clutchcafelondon,clutch-cafe
currentbody.dk,Elektroniske Skønhedsprodukter i Verdens Klasse | CurrentBody,"jack@greensock.com, sales@currentbody.com",CurrentBody,CurrentBody,,currentbody,currentbody
da-bomb.com.au,"DA-BOMB | Bath Bombs & Whipped Soap Specialists  
     – DA-BOMB.COM.AU",enquiries@da-bomb.com.au,dabombdotcomdotau,,,dabomb.com.au,da-bomb
deutschebeverageparts.com,Deutsche Beverage Parts,info@deutschebeverageparts.com,deutschebevtech,,,deutschebeverage,deutschebeverageparts
dwe.ai,DeepWater Exploration,"jiajer@exploredeepwater.com, support@exploredeepwater.com",DeepWater,,,deepwaterexploration,dwe
elastikshoppen.dk,Træningsudstyr | Stort Udvalg Af Træningstilbehør | Elastikshoppen,info@hc-jacobsen.dk,,,,,elastikshoppen
garagepro.shop,GaragePro OBD Scan Tool,fix@carpm.in,carpm.official,carpm_,,garageproapp,garagepro
glynit.com,"GLYNIT | Official Website
– Glynit","Glynit-Chrome_250x250@2x.gif, Glynit-Zwart_250x250@2x.gif, Glynit-Pink_250x250@2x.gif, Glynit-BubbleGum_250x250@2x.gif, Glynit-Blauw_250x250@2x.gif, Logo_Anim_1090x_crop_top@2x.gif, Glynit-Groen_250x250@2x.gif",,,,glynit,glynit
goosepals.com,GoosePal,"jasonxu6977@gmail.com, info@goosepals.com",,,,,goosepals
kayakstore.se,Kayakstore.se,hello@kayakstore.se,kayakstore.se,,,kayakstorese,kayakstore
keramisk-coating.dk,"Keramisk Coating » Find Installatør Nær Dig!
 – Keramisk-Coating",info@carcarefreaks.eu,carcarefreaks,,,carcarefreaks.eu,keramisk-coating
lastobject.com,LastObject | Zero Waste Store of Reusable Everyday Products, hello@lastobject.com,lastobject,LastSwab,,lastobject,lastobject
letsgradecards.dk,"Lets Grade Cards - Stedet hvor du nemt kan få graded dine kort!
– LetsGradeCards","Letsgradecards@gmail.com, info@letsgradecards.dk",groups,,,letsgradecards,letsgradecards
lugo.co.uk,Contract Furniture Suppliers | Hotel Contract Furniture | Lugo,,,lugofurniture,lugo-hotel-furniture,,lugo
mamafavorite.com,"Metal Favorite - A Metal Art Paradise
 – Metal Smiles",support@metalsmiles.com,,,,,mamafavorite
marlenka.uk,MARLENKA® Official UK Site | Honey Cakes,info@marlenka.co.uk,marlenkacakes,MarlenkaEnt,,marlenka_uk,marlenka
medcare.dk,Medcare.dk - Produkter til forbedring af din sundhed og livsstil – Medcare,"larslarsen@jubii.dk, kontakt@medcare.dk",sharer,intent,,,medcare
mollys.dk,Mollysdk,info@mollys.dk,,,,,mollys
musicallin.nl,Music All In | Online én Offline muziekwinkel voor iedereen,klantenservice@musicallin.nl,MusicAllin,,,musicallin,musicallin
neonskiltet.dk,"Design dit eget neonskilt - Få tilbud inden for én time. Gratis fragt



– NEONSKILTET","info@neonskiltet.dk, mw@access-pr.dk, support@weglot.com",Neonskiltet,,,neonskiltet,neonskiltet
orseundiris.com,Orseund Iris,info@orseundiris.com,,,,orseund_iris,orseundiris
ottocast.com,OTTOCAST | CarPlay Solution,support@ottocast.com,Ottocast.official,ottocast1,,ottocastofficial,ottocast
ovolin.se,Miljövänlig Färg & Byggnadsvård– Ovolin,info@ovolin.se,ovolin.fargbyggnadsvard,,,ovolin.fargbyggnadsvard,ovolin
pasnormalstudios.com,Pas Normal Studios,support@pasnormalstudios.com,pasnormalstudios,,,pasnormalstudios,pasnormalstudios
piercitycustom.com,Pier City Custom. BMW R9T Motorcycle Custom Parts & Accessories, piercitycustom@gmail.com,piercitycycles,piercitycycles,,piercitycycles,piercitycustom
planetnusa.com,"Planet Nusa responsible sportswear
    
    
    
      – P L A N E T // N U S A",,Planetnusa,,planet-nusa-aps,planetnusa,planetnusa
posterandframe.com,Poster & Frame | Support design and buy your art right – B2C | Poster & Frame,hello@posterandframe.com,posterandframe.official,,,posterandframe.official,posterandframe
rank.dk,Lars Rank keramik - Køb fantastisk keramik udført af Lars Rank – Lars Rank Keramik,"lars@rank.dk, din@email.dk",pages,,,larsrankkeramik,rank
restaurantholeinone.com,"Café Hole In One
 – Restaurant Hole In One",Hole@mail.dk,restaurantholeinone,,,,restaurantholeinone
rexhockey.com,Find ALT i Ishockeyudstyr - Vi har Danmarks største udvalg– ReXhockey,info@rexhockey.com,ReXhockey,,,rexhockey_,rexhockey
rzcrewgarage.com,The Biggest Racing and Performance Parts shop in Asia. Rzcrewgarage!– RZCrew,sales@rzcrewgarage.com,RzcrewGarage,,,rzcrewgarage,rzcrewgarage
sangiev.com,SANGIEV | online store, hello@sangiev.com,,,,sangiev,sangiev
saysky.dk,SAYSKY | High Performance Løbetøj | Officiel Website,"SAYSKY_SS23_DROP_4_COMBAT_0038_370x230@2x.webp, SAYSKY_SS23_DROP_2_PACE_0018_370x230@2x.webp, SAYSKY_SS23_DROP_4_COMBAT_0039_47141f19-2b30-4004-a298-fb54ccff0242_370x230@2x.webp, SAYSKY_SS23_DROP_4_COMBAT_0021_370x230@2x.webp, SAYSKY_SS23_DROP_2_PACE_0016_370x230@2x.webp, SAYSKY_SS23_DROP_4_COMBAT_0037_370x230@2x.webp",sayskycph,,,sayskycph,saysky
shaggybreeches.dk,"Shaggy Breeches - Shop simpelt, prisvindende dansk outdoor beklædning","info@shaggybreeches.dk, info@shaggybreeeches.dk",,,,,shaggybreeches
skeeis.dk,Skee Ismejeri - Økologisk is uden tilsætningsstoffer,skeeis@skeeis.dk,,,,,skeeis
software-spil.dk,Software-Spil.dk,Support@software-spil.dk,,,,,software-spil
srginspired.com,SRGinspired,,SRGinspired,,,scottrgreenwood,srginspired
supermerch.dk,"Købe Damer & herre t shirt, Sweatshirt , Hoodie Online - Super Merch
 – SuperMerch.dk"," Kontakt@printbyorder.dk, kontakt@printbyorder.dk",SuperMerchDK,,,supermerch.dk,supermerch
thatwasepic.com,"ThatWasEpic
 – That Was Epic LLC",customersupport@thatwasepic.com,thatwasepic11,ThatWasEpic11,,thatwasepic,thatwasepic
theblackangels.com,Shop The Black Angels Official Store,"carla@sternmgmt.com, mgreek@caa.com, DKaplan@ICMPartners.com, bryant@partisanrecords.com, nick@sternmgmt.com, acook@caa.com, blackangels@colortestmerch.com, andrew@colortestmerch.com",theblackangels.tx,theblackangels,,theblackangels,theblackangels
trendist.dk,Trendist | Noget for enhver smag...,shop@trendist.dk,,,,,trendist
vallensbaekcykler.dk,"Din lokale cykelhandler - Vallensbæk Cykler
– Vallensbæk Cykler",info@vallensbaekcykler.dk,,,,,vallensbaekcykler
volantaroma.com,volant | Essential Oils & Diffusers,"support@volantaroma.com, media@volantaroma.com",,,,volantaroma,volantaroma
windgoo.co,Windgoo Official Site-The best folding electric mobility.,contact@windgoo.co,Windgoo,windgooO,,windgoo_official,windgoo
yoyomaeght.com,Yoyo Maeght – Yoyo MAEGHT,example@domain.com,yoyo.maeght.1,,,yoyomaeght,yoyomaeght
affordablejewellerysupplies.co.nz,New Zealand's Best Bead Shop: Affordable Jewellery Supplies,info@affordablejewellerysupplies.co.nz,,AjsBeads,,affordable_jewellery_supplies,affordablejewellerysupplies
aquariumproject.co.nz,"The Aquarium Project | Auckland | New Zealand
– The Aquarium Project Ltd",RepashyGrubPie_740x_f618aa82-543b-44ae-a1a2-ca2e594420c1_600x600@2x.webp,Theaquariumprojectnz,,,aquariumprojectnz,aquariumproject
kelpls.co.nz,New Zealand's Leaders in Lighting for Entertainment Since 1959 — KEL - PLS,"sales@kelpls.co.nz, info@kelpls.co.nz",ProfessionalLightingServices,pls_nz,,pls_nz,kelpls
lunchboxpacks.com,"Lunchbox Packs | Hydration Bags, Fanny Packs for Festivals & Concerts",fam@itsmylunchbox.com,groups,,,lunchboxpacks,lunchboxpacks
podlyfe.co.nz,"Podlyfe | Vape Shop NZ | Pods, eCigarettes & eLiquid",support@podlyfe.com,podlyfe.nz,,,podlyfe.nz,podlyfe
relxnow.co.nz,GET Affordable Vape Online | E-Cigarette & eLiquid | RELX NZ, support@relxnow.co.nz,RELXNZ,,,relxnewzealand,relxnow
thepetministry.com,"Welcome to The Pet Ministry!
– The Pet Ministry LLC,"," hello@thepetministry.com, support@ryviu.com",,,,,thepetministry
kiwisparks.co.nz,"Electrical Supplies & Appliance Parts, Cables, Plugs - Eurotech NZ",sales@kiwisparks.co.nz,,,,,kiwisparks
maman.co.nz,Maman Boutique,"online@maman.co.nz, hello@maman.co.nz",mamanboutiquenz,,,mamanboutique,maman
onlinemeats.co.nz,Online Butcher - Meat Delivery Auckland | Online Meats NZ,info@onlinemeats.co.nz,onlinemeats.co.nz,,,onlinemeats.co.nz,onlinemeats
pbco.co.nz,ProBrands Clothing,info@probrands.co.nz,,,,,pbco
peachyden.co.uk,"Peachy Den | Contemporary Womenswear, Born in London",hello@peachyden.co.uk,,,,peachyden,peachyden
theskinwardrobe.com,The Skin Wardrobe,"catherine@theskinwardrobe.com, hello@theskinwardrobe.com",theskinwardrobe,,,theskinwardrobe,theskinwardrobe
yettemoosh.co.nz,Gluten Free Product | European Brands | YetteMoosh – YetteMoosh-Gluten Free,admin@yettemoosh.com,yettemoosh,,,yettemoosh,yettemoosh
canteros.nz,"Cigars, Pipe Tobacco, Boveda, Cutters and Accessories shipped NZ wide – CANTEROS.nz",sales@canteros.nz,Canterosnz,,,canteros.nz,canteros
coffeelovers.co.nz,"Coffee Lovers NZ : Barista Tools, Tampers, Milk Jugs, Grinders & More!",info@coffeelovers.co.nz,CoffeeLoversNZ,share,,coffeelovers.co.nz,coffeelovers
discountoffice.co.nz,Office Products. Office Supplies. Stationery. Office Furniture & Chairs | Discount Office NZ,shop@discountoffice.co.nz,,,,,discountoffice
dubbed.co.nz,"Dubbed Classic Aircooled VW Parts Online in NZ
– dubbed.co.nz","dubbedparts@gmail.com, 08A55AC2-A58D-4E25-81EE-FD6CDD36BA9E_SS691T7WK63X_250x250@2x.jpeg",,,,,dubbed
ehplabs.com.au,"Sports Supplement Store Online | The Official Home of OxyShred™

    – EHPlabs Australia",support@ehplabs.com.au,EHPlabs,ehplabs,,ehplabs,ehplabs
endemicworld.com,endemicworld / Art Prints & Paintings / Art Gallery New Zealand,info@endemicworld.com,endemicworld,,,endemicworld,endemicworld
fortunefavours.beer,Fortune Favours | Award winning beer and brewery in Wellington New Zealand.,drink@fortunefavours.beer,,,,fortunefavoursnz,fortunefavours
funkygifts.co.nz,Funky Gifts NZ - Unique Gift Ideas,"sales@funkygifts.co.nz, 20sales@funkygifts.co.nz",funkygifts,,,funkygifts.co.nz,funkygifts
harveyfurnishings.co.nz,"Curtains, Blinds & Shutters Experts NZ | Harvey Furnishings",online@harveyfurnishings.co.nz,harveyfurnishings,,,harveyfurnishings,harveyfurnishings
igadget.co.nz,iPhone Accessories & Parts NZ | Gadget Shop NZ | iGadget,,iGadget.co.nz,igadget_nz,,igadgetnz,igadget
littleyellowbird.com,100% organic cotton essentials,"info@littleyellowbird.com, info@littleyellowbird.co.nz",littleyellowbirdnz,,,lyb_apparel,littleyellowbird
ninefit.nz,"Buy Fitness Products Online - NineFit | New Zealand
– NineFit - New Zealand","placeholder@gmail.com, info@ninefit.nz",,,,,ninefit
purenature.co.nz,"PureNature | New Zealand's leading online supplier of natural skincare
 – PureNature NZ", info@purenature.co.nz,nzpurenature,,,nzpurenature,purenature
rullen.co.nz,RULLEN Antiques & Furniture, info@rullen.co.nz,RullenAntiqueAndVintageInterior,,,rullenantiques,rullen
screenshield.co.nz,Screen Protectors | Tempered Glass Screen Protector - ScreenShield,"support@heliumdev.com, support@qeretail.com",,,,,screenshield
thetrailershop.co.nz,Trailer for Sale NZ | Boat Trailers | Trailer Repairs | Trailers Parts — The Trailer Shop,info@thetrailershop.co.nz,thetrailershopnz,,,,thetrailershop
thsmoto.co.nz,THS MOTO NZ's Leading Online Motorcycle Store FREE SHIPPING OVER $99!,onlineorders@thsmoto.co.nz,THSMOTO,,,,thsmoto
willou.co.nz,Willou - Home – WillouNZ,wearwillou@gmail.com,willou.nz,,,_willou_nz,willou
wonkybox.nz,Wonky Fruit & Vegetable Delivery | Auckland & Wellington | Wonky Box,hello@wonkybox.nz,wonkybox,,,wonkybox.nz,wonkybox
ziwipets.com,"ZIWI® | Award-winning New Zealand Pet Food
 | ZIWI Pets","swiper@8.min.css, swiper@8.min.js",ZiwiPets,ZiwiPets,ziwi,ziwipets,ziwipets
artiphon.com,Artiphon – Home of Orba + INSTRUMENT 1 – Introducing Orba 2,sales@artiphon.com,Artiphon,artiphon,,artiphon,artiphon
betterpackaging.com,Better Packaging Co.,hello@betterpackaging.com,betterpackagingco,packagingbetter,28645980,betterpackagingco,betterpackaging
chefs-edge.co.nz,Chefs Edge - Handmade Japanese Kitchen Knives,,,,,,chefs-edge
electricmonkey.co.nz,"Powerful Electric Scooters, Evolve Skateboards and Electric Transport.
 – Electric Monkey NZ",sales@electricmonkey.co.nz,electricmonkeynz,,,electric_monkeynz,electricmonkey
minipetals.com,Katikati Florist | Mini Petals Flower Delivery Waihi to Tauranga, hello@minipetals.com,MiniPetals,,,minipetals.florist,minipetals
thenaturaltransformer.com.au,The Natural Transformer, shop@thenaturaltransformer.com.au,thenaturaltransformer,,,the_natural_transformer,thenaturaltransformer
vuse.co.nz,"Vape Shop NZ | Vape Pens, E-Cigarette & eLiquid | Vuse NZ",info.nz@vuse.com,groups,,,,vuse
ariat.co.nz,Ariat New Zealand,,,,,,ariat
barfridges.co.nz,Bar Fridges New Zealand | Glass Door Alfresco And Commercial,"cookies@excitation.com.au, sales@barfridges.co.nz",barfridgesnz,,,barfridgesnewzealand,barfridges
jayen.co.nz,Jayen Food Concepts Ltd,ileedeveloper@gmail.com,jayenfoodnz,,,jayenfoodnz,jayen
marthasbackyard.co.nz,Martha's Backyard,shop@marthasbackyard.co.nz,,,,marthasbackyard,marthasbackyard
naturessunshine.co.nz,Nature's Sunshine - Pure. Potent. Proven. — Nature's Sunshine NZ,hello@nutricom.co.nz,naturessunshine,,,,naturessunshine
warkworthbutchery.co.nz,Buy Award Winning Meat Online | Warkworth Butchery NZ," rob@wb.net.nz, info@wb.net.nz",warkworthbutcher,,,warkworthbutcherynz,warkworthbutchery
allflow.co.nz,"Buy pumps, tanks, hoses, fittings and filtration systems | Allflow",sales@allflow.co.nz,,,,,allflow
calendarclub.com.au,Calendar Club Australia | Home Of 1000s of Calendars & Planners,,CalendarClubANZ,Calendarclub_au,calendarclubaus,calendarclub,calendarclub
cremacoffeeproducts.com,Crema Coffee Products - Specialty espresso tools for espresso fanatics,,cremacoffeeproducts,,,cremacoffeeproducts,cremacoffeeproducts
ctomi.co.nz,Health Supplements and Skincare Online | Ctomi NZ – Ctom Ltd, info@ctomi.com,ctominz,,,ctominz,ctomi
kapitihobbies.com,Kapiti Hobbies,"60040181851_BLEndandDeathVol1ENG_580x@2x.webp, 60010101004_EngSMStrikeForceAgastusCore01_580x@2x.webp, 99120101386_BLMiniWConsulsCptMessinius1_580x@2x.webp, kapitihobbies@gmail.com, 99120105099_AMCommissar1_580x@2x.webp, 99120105106_CadianUpgrades2_580x@2x.webp",groups,,,,kapitihobbies
mountainjade.co.nz,"Mountain Jade - Authentic Pounamu Greenstone Necklaces, New Zealand | Mountain Jade NZ",sales@mountainjade.co.nz,MountainJadeNZ,mountainjadeNZ,,mountainjadenz,mountainjade
neogenlab.us,NEOGEN GLOBAL | NEOGEN GLOBAL,"outineun@gmail.com, neogenlab.us@gmail.com",neogendermaUS,,,neogen_us,neogenlab
sixbarrelsoda.co,Six Barrel Soda – Six Barrel Soda Co.,,sixbarrelsodaco,,six-barrel-soda-co,sixbarrelsodaco,sixbarrelsoda
sup2clothing.com,SUP2 Limited – NZ’s Favourite Sports Inspired Brand of Quality Apparel," u003eginasms@hotmail.com, ginasms@hotmail.com, SALES@SUP2.COM",sup2clothing,,,sup2clothing,sup2clothing
theaxe.co.nz,"The Axe | Gifts, homewares, dining, furniture & more!",hello@theaxe.co.nz,axefurniture,,,theaxelife_,theaxe
tucann.com,"The worlds most comfortable Mens Swim Trunks
– Tucann America",,tucannofficial,,,_tucann_,tucann
actualsource.org,Actual Source,"matt@actualsource.org, source@actualsource.org, u003eorders@actualsource.org, orders@actualsource.org, u003esource@actualsource.org, u003edavisandjp@actualsource.work",,,,,actualsource
beardbrand.com,Beard Products | Beardbrand,support@beardbrand.com,beardbrand,beardbrand,,beardbrand,beardbrand
bmspeedshop.com,BMspeedShop,sales@bmspeedshop.com,BM,,,bmspeed_shop,bmspeedshop
cellaphone.co.nz,cellaphonenz,sales@cellaphone.co.nz,cellAphoneNZ,,,cellaphone_NZ,cellaphone
fleurever.nz,"Preserved Flowers and Foliage
– Fleurever.nz","sales@fleurever.nz, info@fleurever.nz",FleurEver,,,fleurever.nz,fleurever
kidsuper.com,KidSuper Studios - (KS ENT)™,your@email.address,,,,,kidsuper
locoscooters.ie,Buy Electric Scooters And Get Repairs | Electric Scooters Ireland,"repairs@locoscooters.ie, info@locoscooters.ie",locoscooters,locoscooters,68885625,locoscooters,locoscooters
nelsonracingengines.com,Nelson Racing Engines NRE – nelsonracingengines,tom@nelsonracingengines.com,nelsonracingengines,,,nelsonracingengines,nelsonracingengines
salelink.co.nz,Salelink -We strive to bring you the absolute best value– salelink.co.nz,info@Salelink.co.nz,,,,,salelink
tattys.co.nz,Tatty's Designer Recycle,tattys@tattys.co.nz,tattysdesignerrecycle,,,tattys_designer_recycle,tattys
thecakerspantry.co.nz,The Caker's Pantry | Cake Decorating Supplies | Baking Supplies,sales@thecakerspantry.co.nz,thecakerspantry,,,thecakerspantry,thecakerspantry
topdognutrition.co.nz,"Health & Gym Supplements Online | Nutrition Store NZ
– TopDog Nutrition",info@topdognutrition.co.nz,topdognutritionnz,,,topdognutrition,topdognutrition
mycookiedealer.com,My Cookie Dealer,"Sales@mycookiedealer.com, cartel@mycookiedealer.com, mule@mycookiedealer.com, CARTEL@MYCOOKIEDEALER.COM, Cartel@mycookiedealer.com, MULE@MYCOOKIEDEALER.COM",mycookiedealer,,,mycookiedealer,mycookiedealer
absolutepartyhire.co.nz,"Absolute Party Hire | Wedding, Event & Party Equipment Hire",info@absolutepartyhire.co.nz,Absolute,,,,absolutepartyhire
alphaposterr.com,Alphaposters,alphaposters123@gmail.com,,,,alphaposterss,alphaposterr
beadndgames.co.nz,"Bea DnD Games - Dungeons & Dragons, Dice, Cards, MTG, Board Games","petone@beadnd.com, hello@beadnd.com",BeaDnDGames,bea_dnd,,beadnd_games,beadndgames
catnets.co.nz,"Catnets | Cat Enclosures, Cat nets, Cat Netting, Cat Runs, Containment – Catnets New Zealand",sales@catnets.co.nz,Catnets,,,catnetsnz,catnets
checksdowntown.com,"CHECKS DOWNTOWN
– Checks Downtown",hello@checksdowntown.com,,,,checksdowntown,checksdowntown
chichicastelnango.com,Chichi Castelnango | Dessous & Bijoux de créateur," v.hossard@chichicastelnango.com, hello@chichicastelnango.com",chichicastelnangoparis.fr,,,chichicastelnangoparis,chichicastelnango
enhanceproage.com,Enhance Proage Cosmetics,hello@enhanceproage.com,Enhance,,,enhanceproage,enhanceproage
flygripsocks.com,flygripsocks,"FLYGRIPSOCKS@GMAIL.COM, flygripsocks@gmail.com",flygripsocks,,,flygripsocks,flygripsocks
growandbrew.co.nz,"Home Brew Supplies | Growing Equipment
 – Grow & Brew","waipapa@growandbrew.co.nz, silverdale@growandbrew.co.nz, henderson@growandbrew.co.nz",growandbrewshop,,,growandbrewshop,growandbrew
heropackaging.co.nz,Eco Friendly & Sustainable | Compostable Mailers | Hero Packaging," support@simprosys.com, hello@heropackaging.com.au",heropackagingaustralia,,,hero.packaging,heropackaging
ikonnz.com,"Welcome to IKON
– ikonnz.com","support@ikonnz.com, support@goalsstore.com",Ikonnewzealand,,,ikonarrowtown,ikonnz
kiyobeauty.com,Kiyo Beauty,support@kiyobeauty.com,kiyobeauty,kiyobeauty,,kiyobeauty,kiyobeauty
kukiprints.com.au,KUKI PRINTS,hello@kukiprints.com.au,KUKI,,,kuki_prints,kukiprints
latribe.co.nz,La Tribe | Womens Designer Footwear and Accessories,"u003einfo@latribe.co.nz, info@latribe.co.nz",latribe.co.nz,,,la.tribe,latribe
loopflyfishing.co.nz,"LOOP Tackle - Fly Fishing Rods, Reels and Lines for Australia & NZ",info@loopflyfishing.co.nz,loopflyfishing,,,looptackle_ausnz,loopflyfishing
midies.co,"Women's boxer briefs Australia - comfortable underwear for every body
 – Midies",tiktok.com@midies.co,,,,midies.co,midies
morethanflowers.co.nz,MORE THAN FLOWERS | HAMILTON FLORIST Official Online Store,info@morethanflowers.co.nz,MoreThanFlowersNZ,,,morethanflowers_florist_nz,morethanflowers
nmconline.nz,NMC Online,"info@nelsonmotorcycles.co.nz, kobi@k360.nz",nelsonmotorcycle,,,nelsonmotorcyles,nmconline
regeneration.co.nz,"Refurbished Computers, Gaming PCs, Electronics and More","orders@regeneration.co.nz, regeneration-computers@outlook.com",regeneration.co.nz,,,regen_computersnz,regeneration
rosetintedflowers.co.nz,"Flower Shop Auckland CBD | Same Day Flower Delivery | Send Flowers NZ
– Rose Tinted Flowers",info@rosetintedflowers.co.nz,RoseTintedFlowers,,,rose.tinted.flowers,rosetintedflowers
shopfurme.com,furMe Pet Grooming Tools and Supplies | furMe™,hello@shopFurMe.com,ShopFurMeUS,ShopFurMe,,ShopFurMe,shopfurme
showtv.co.nz,"Show TV New Zealand
 – ShowTV New Zealand","phil@showtv.co.nz, info@showtv.co.nz",showtvnz,,,showtvnz,showtv
smartsolutionsstore.co.nz,Car Electronics | Home Gadgets | Meat Thermometers |,hello@smartsolutionsstore.co.nz,,,,,smartsolutionsstore
thefishroom.co.nz,Tropical fish and aquarium online supply store | The Fish Room – The Fish Room TFR, getfish@thefishroom.co.nz,thefishroomNZ,,,thefishroomnz,thefishroom
thislittlecakery.co.nz,This Little Cakery | Have you tried the brownie yet?,Hello@thislittlecakery.co.nz,ThisLittleCakery,,,thislittlecakery,thislittlecakery
trendytreats.com,Trendy Treats Freeze Dried Candy,"wholesale@trendytreats.com, Hello@trendytreats.com",,,,,trendytreats
1917.co.nz,Leuchtturm1917 New Zealand,sales@1917.co.nz,Leuchtturm1917nz,,,leuchtturm1917nz,1917
a7xworld.com,A7X World : The Black Market, support@a7xworld.com,,,,,a7xworld
alpha60.com.au,"ALPHA60 Official Site
    
    
    
      – Alpha60",,alpha60thelabel,,,alpha60thelabel,alpha60
antiquealley.co.nz,Antique Alley,antiquealley@gmail.com,AntiqueAlleyNZ,AntiqueAlleyNZ,,accounts,antiquealley
autocolourbank.com,Automotive Paint Supplies NZ | Auto Max Paints,info@autocolourbank.com,shopify,shopify,,shopify,autocolourbank
canterburyequestrian.co.nz,Canterbury Equestrian,"eyJidWNrZXQiOiJtaXJyb3IuZ2V0Zmxvd2JveC5jb20uZXUtd2VzdC0xLmxpdmUiLCJrZXkiOiJhSFIwY0hNNkx5OTNkM2N1YVc1emRHRm5jbUZ0TG1OdmJTOXdMME5KWkdoVlNrVkVPRFZGTHc9PS90aHVtYm5haWwiLCJlZGl0cyI6eyJ0b0Z_1280x@2x.webp, eyJidWNrZXQiOiJtaXJyb3IuZ2V0Zmxvd2JveC5jb20uZXUtd2VzdC0xLmxpdmUiLCJrZXkiOiJhSFIwY0hNNkx5OTNkM2N1YVc1emRHRm5jbUZ0TG1OdmJTOXdMME5KWkdoVlNrVkVPRFZGTHc9PS90aHVtYm5haWwiLCJlZGl0cyI6eyJ0b0Z_1280x@3x.webp",canterburyequestriannz,,,canterburyequestriannz,canterburyequestrian
desolvesupplyco.co.nz,DESOLVE SUPPLY CO. | FOREVER FISHING,info@evolveoutdoors.com,desolvesupplyco,,,desolvesupplyco,desolvesupplyco
footballcentral.co.nz,Shop for Football Gear online at NZ store - Football Central, sales@footballcentral.co.nz,footballcentral,footycentralnz,,footballcentralnz,footballcentral
golfhq.co.nz,Golf HQ - NZ's Number 1 Golf Shop - Shop Online or In-Store,"info@golfhq.co.nz, online@golfhq.co.nz",golfhq.nz,,,golfhqnz,golfhq
golftopcaddy.com,"TopCaddy Electric Golf Trundlers
 – TopCaddy New Zealand",info@topcaddy.co.nz,golftopcaddy,,,golftopcaddy,golftopcaddy
goodtech.co.nz,"GoodTech | Refurbished & Pre-owned Phones, iPads, MacBooks & Watches",support@simprosys.com,goodtechnz,,,goodtechnz,goodtech
hightechvaporizers.com.au,High Tech Vaporizers | Australia | Herbal Vapes | Grinders | DynaVap,hello@hightechvaporizers.com.au,,,,,hightechvaporizers
indestructibleshoes.com,Indestructible Shoes - Unbreakable Work Shoes (New 2022 Collection), info@indestructibleshoes.com,indestructibleshoes,,,indestructibleshoes,indestructibleshoes
katesylvester.co.nz,"Kate Sylvester | Considered Womenswear From New Zealand
		
		
		
			| Kate Sylvester New Zealand",customercare@katesylvester.com,Kate,,,kate_sylvester,katesylvester
lovesilk.co.nz,Lovesilk.co.nz: Affordable Luxury Silk Accessories NZ, support@lovesilk.co.nz,lovesilknz,,,lovesilknz,lovesilk
magnacanvas.com,Magna Canvas - Affordable Art | Canvas Wall Art Prints,support@magnacanvas.com,magnacanvasart,,,magnacanvasart,magnacanvas
marzocchi.com,Marzocchi | Bombproof Mountain Bike Suspension,,MarzocchiSusp,marzocchisusp,,marzocchi_mtb,marzocchi
micropod.nz,Grow microgreens at home with our soilless kits – micropod,hi@beeketing.com,micropod,share,,micropodnz,micropod
newmericaimports.com,NEWMERICAIMPORTS,mcapforex@gmail.com,newmericaimports,,,,newmericaimports
petcentral.co.nz,Pet Central | 100% NZ Owned,"centralpark@petcentral.co.nz, orders@petcentral.co.nz, u003eadmin@zyber.co.nz, admin@zyber.co.nz, u003eorders@petcentral.co.nz, 20info@petcentral.co.nz, u003ecentralpark@petcentral.co.nz",PetCentralChch,,,petcentralnz,petcentral
prostocktennis.com,Prostocktennis – Pro Stock Tennis, info@prostocktennis.com,prostocktennis,,,prostocktennis,prostocktennis
rosesflorist.co.nz,"Flower Delivery Auckland, Florists Auckland – Roses Florist Auckland","u003einfo@rosesflorist.co.nz, info@rosesflorist.co.nz",rosesfloristnz,,,rosesfloristmteden,rosesflorist
soundssolution.co.nz,Sound Solutions & Auto Electrical,"soundsolutions.puke@gmail.com, sounds.hamilton@gmail.com, test@email.com, solutions.sound.nz@gmail.com",soundsolution.co.nz,,,sound.solution,soundssolution
tavpacific.com,"TAV PACIFIC
 – Tav Ltd",,tavraro,,,tav_pacific,tavpacific
thetechnologystore.co.nz,The Technology Store,hello@thetechnologystore.co.nz,thetechnologystorenz,,,thetechnologystorenz,thetechnologystore
youthministry360.com,YM360 | Youth Ministry 360,customercare@ym360.com,youthministry360,ym360,,ym360,youthministry360
aaberg-cph.dk,"Åberg Copenhagen, online shop, modetøj til jordnære priser",hello@aaberg-cph.dk,aabergcopenhagen.dk,,,aabergcopenhagen,aaberg-cph
ace2ace.com,ACE2ACE,,,,,,ace2ace
aktivsikring.dk,Aktivsikring.dk: Alarmsystem til private og mindre virksomheder,info@aktivsikring.dk,,,,,aktivsikring
alanamariajewellery.com,Alana Maria Jewellery - Australian Handmade Jewellery,"pr@alanamariajewellery.com, wholesale@alanamariajewellery.com, enquiries@alanamariajewellery.com",alanamariajewellery,,,alanamariajewellery,alanamariajewellery
almnar.co,Almnar,info@almnar.co,AlMnarCompaniesGroup,,,,almnar
alrtmusic.com,ALRT Official Website – ALRTmusic,ezgif.com-gif-maker-3_100x@2x.gif,alrtmusic,alrtmusic,,alrtmusic,alrtmusic
amareen.dk,Amareen,info@amareen.dk,,,,,amareen
anodyne.dk,"Holdningskorrigerende tøj » Optimér din holdning
      
      
        – Anodyne.dk",info@anodyne.dk,anodyne.dk,,,anodyne.dk,anodyne
antik44.dk,Antik 44 | Blandt Danmarks største og varierede udvalg indenfor antikv,shop@antik44.dk,antik44.dk,,,antik44.dk,antik44
appearance.dk,Appearance,Kundeservice@appearance.dk,appearance.dk,,,,appearance
aquilajewellery.com,Aquila Jewellery | Travel-Inspired Handmade Jewellery,,aquilajewellery,,,aquila.jewellery,aquilajewellery
ascendic.dk,"Træningsmaskiner til hjemmet | Køb billigt hos Ascendic.dk
– Ascendic ApS",Info@ascendic.dk,AscendicApS,,,ascendicaps,ascendic
autoradioplaza.com,Autoradioplaza,,,,,,autoradioplaza
autostyling.net,Autostyling Klerksdorp,"info@autostyling.net, sales@autostyling.net",Autostylingklerksdorp,,,autostyling_klerksdorp,autostyling
basicandally.com,Basicandally,hello@basicandally.com,basicandally,,,basicandally,basicandally
bathroomwarehouse.com.au,Online Bathroom Fixtures & Fittings in Australia | Bathroom Warehouse, support@bathroomwarehouse.com.au,BathroomWarehouse,,bathroomwarehouseau,bathroomwarehouse,bathroomwarehouse
beautedubai.com,Beaute Dubai,"beaute.dubai20@gmail.com, beaute.info@beautedubai.com",,,,beaute.dubai,beautedubai
benlukas.de,Benlukas, info@benlukas.de,Bluorafr,,,,benlukas
blaekhusetkbh.dk,Blækhuset,"info@blaekhusetkbh.dk, Info@blaekhusetkbh.dk",blaekhusetkbh.dk,,,blaekhusetkbh,blaekhusetkbh
blandselvfroe.dk,"Billige økologiske Frø | Alle poser koster kun 12,95 kr.",info@blandselvfroe.dk,,,,,blandselvfroe
blomsterverden.dk,Blomsterverden,info@blomsterverden.dk,blomsterverden,,,blomsterverdendk,blomsterverden
boatingandrv.com.au,Boating & RV: Quality Boat Supplies and Accessories Online,"sales@arnoldsboatshop.com.au, sales@boatingandrv.com.au",,,,,boatingandrv
boliggigant.dk,"Gigantisk udvalg af møbler og tilbehør til skarpe priser
 – Bolig Gigant","hej@boliggigant.dk, erik@gmail.com",,,,,boliggigant
bolindersthlm.com,Bolinder Stockholm - Leather bags for everyday elegance,"order@bolindersthlm.com, no1agency@mail.com, info@bolindersthlm.com, uli_adam@gmx.de",bolinderstockholm,,,bolinderstockholm,bolindersthlm
bonheurjewelry.com,Bonheur Jewelry – Bonheur., support@getshogun.com,bonheurjewelry,share,,bonheur_jewelry,bonheurjewelry
brewfit.dk,Brewfit – BrewFit,support@brewfit.dk,sharer,share,,,brewfit
brightlinkav.com,HDMI to HDBaseT AV Distribution Equipment - HDMI/HDBaseT Matrix & Cabl,sales@brightlinkav.com,,BrightlinkAV,,accounts,brightlinkav
broel.nu,"Sustainable craft beer and more
 – BRØL",hello@broel.nu,broel.nu,,broelnu,broel.nu,broel
buddyrc.com,Buddy RC, info@buddyrc.com,buddyrc.usa,,,buddyrcofficial,buddyrc
burd.dk,Burd Delivery,support@burd.dk,,,burd-delivery,,burd
buttergoods.com,Butter Goods,1_0002_ButterQ123-Stylised-656_5d096454-cf87-441a-9196-909c08ebb689_1024x@2x.gif,,,,buttergoods,buttergoods
byasbaek.dk,Byasbæk,info@byasbaek.dk,byasbaek,,,byasbaek,byasbaek
capstore.dk,KÆMPE udvalg af caps & kasketter - SPAR op til 50% på caps,"info@capstore.dk, hi@beeketing.com",capstoredk,,,capstoredk,capstore
cardmonster.dk,CardMonster - Play like a Monster,kontakt@CardMonster.dk,CardMonster.dk,,,cardmonster.dk,cardmonster
cesun.tech,Cesun® Tech - Home Garden Supplies & Decors– Cesun Tech,support@cesun.tech,cesunofficial,share,,,cesun
clubcollection.com,Cashmere | Se udvalget af billig kashmir tøj og shop online,info@clubcollection.com,ClubCollection,,,clubcollection,clubcollection
connectpro.com,"ConnectPRO shopping site, KVM switch, Remote Access since 1992","sales@connectpro.com, support@connectpro.com",profile.php,ConnectPROtweet,,connectprosolutions,connectpro
contourdesign.dk,Contour Design - Ergonomiske mus i eksklusivt design, info@contour-design.com,contourdesigneurope,,contour-design-europe,contourdesign_europe,contourdesign
copenhagenkpop.com,Copenhagen Kpop,contact@copenhagenkpop.com,copenhagenkpop,,,copenhagenkpop,copenhagenkpop
cphbikeshop.dk,"CPH BIKE SHOP - Danmarks bedste cykelbutik
– CPH Bike Shop",Kundeservice@cphbikeshop.dk,cphbikeshop,,,cphbikeshop,cphbikeshop
cupcakejemma.com,Cupcake Jemma | Amazing Baking,hello@cupcakejemma.com,,,,cupcakejemma,cupcakejemma
dahlsvinhandel.dk,Dahls Vinhandel - Vin med personlighed,info@dahlsvinhandel.dk,dahlsvine,,dahls-vinhandel-a-s,dahlsvinhandel,dahlsvinhandel
danskeminder.dk,Danske Minder | Souvenir Butik Online – Danske minder,info@danskeminder.dk,,,,,danskeminder
darknightsystems.ca,DarkNightSystems-Canada's#1 source for Combat Protective Equipment CPE,info@darknightsystems.ca,Dark,,,p,darknightsystems
deerest.dk,Deerest Copenhagen | Din jakkesætsspecialist,hello@deerest.dk,deerestcph,,,deerestcph,deerest
deluxecovers.dk,"DELUXECOVERS.DK | Cover, Etui & Tilbehør","kontakt@deluxecovers.dk, Kontakt@DeluxeCovers.dk, Mostdopebjorn@gmail.com",deluxecovers,,,deluxecovers,deluxecovers
densidsteflaske.dk,"Vin til Danmarks bedste netpriser
 – Den Sidste Flaske","simonandersen@mail.dk, tsh@densidsteflaske.dk, footergif_comp_200x@2x.gif, niklas10b@live.dk, support@densidsteflaske.dk",densidsteflaske,,den-sidste-flaske,densidsteflaske,densidsteflaske
divainparfums.dk,Tilsvarende parfumer - Flere end 600 forskellige dufte | DIVAIN,hej@divainparfums.dk,Divain,,,divain_dk,divainparfums
dreadshop.com,Find the perfect Dreadlocks and accessories at the Dreadshop.com,orders@dreadshop.com,DreadshopNL,,,dreadshop,dreadshop
edie.dk,EDIE | Designerbrands til 40-70% året rundt,info@edie.dk,EDIEdanmark,,,edie.dk,edie
emblembuilt.com,Emblem | Custom Lounge Furniture for Commercial Spaces," Collections_Longitude@2x.progressive, Collections_Ray@2x.progressive, Home_Page_April_2020_2x.progressiveOPT@2x.progressive, Mobile_homepage_June_2020@2x.progressive, Shell_Chair@2x.progressive, Homepage_Bend_Collection@2x.progressive, Homepage_Interlude_Chair@2x.progressive, Lindsay_and_Jeffrey_Horizontal_edit_1@2x.progressive, Lindsay_and_Jeffrey_Horizontal_edit.jpg_copy@2x.progressive, hello@emblembuilt.com",EmblemBuilt,EmblemBuilt,,emblembuilt,emblembuilt
endocustoms.com,Endo Customs,,,,,endo_customs,endocustoms
engoeyewear.com,ENGO Eyewear | Real-time sports data displayed where you need it most,"info@microoled.net, ENGO-II_3_Widescreen_Centered_375x200_crop_center@2x.gif, powered-by_256x256_b62e03a9-f550-4213-a0db-1e446228cfc1_216x@2x.webp, ENGO-II_3_Widescreen_Centered_1024x514@2x.gif",Engo,,engo-eyewear,engoeyewear_fr,engoeyewear
euroelectronics.pl,"EuroElectronics - Sklep internetowy RTV, AGD, SMART
– Euroelectronics PL","loga_EE_small_240x_2x_499a4397-b03f-448d-813a-c2af17efcd39_210x@2x.webp, loga_EE_small_240x_2x_499a4397-b03f-448d-813a-c2af17efcd39_110x@2x.webp, kontakt@euroelectronics.pl",profile.php,,,euroelectronics_pl,euroelectronics
exploredeepwater.com,DeepWater Exploration,"jiajer@exploredeepwater.com, support@exploredeepwater.com",DeepWater,,,deepwaterexploration,exploredeepwater
exploter.com,Exploter Wireless Carplay AI Box Android 9 Auto Manufactory Wholesale – Exploter Car GPS Solution,sales8@exploter.com,SzExploter,Exploter_Sz,,exploter_cathy,exploter
fanatic.dk,Fanatic,info@fanatic.dk,profile.php,share,,,fanatic
fashionbystrand.com,Fashionbystrand.dk | Modetøj til kvinder med hurtig levering,"info@ifashionbystrand.com, u003einfo@fashionbystrand.com, info@fashionbystrand.com",fashionbystrandcom,,,fashionbystrand,fashionbystrand
fckfanshop.dk,FCK Fanshop | F.C. Københavns officielle Fanshop,"fanshop@fck.dk, shop@fckfanshop.dk",FCKobenhavn,fckobenhavn,,fc_kobenhavn,fckfanshop
fenna-copenhagen.com,Fenna Copenhagen,info@fenna-copenhagen.com,,,,,fenna-copenhagen
flosser.dk,Flosser,info@flosser.dk,,,,,flosser
footworlduk.com,"Foot World UK | Sneakers, Footwear, Shoes, Sports Apparel",support@footworlduk.com,FootWorldEU,FootWorldUK,,footworlduk,footworlduk
frubroundal.dk,Fru Broundal | Webshop og Butik i Nykøbing Mors,kontakt@frubroundal.dk,people,,,frubroundal,frubroundal
fuelstop.dk,"GFUEL DANMARK: KØB GFUEL OG C4 PREWORKOUT I DANMARK NU! - FUELSTOP
 – Fuelstop",kontakt@fuelstop.dk,fuelstopdk,,,fuelstopdk,fuelstop
fuhrhide.com,FuhrHide | Kvalitets lædertasker til enhver anledning i dit liv. – Fuhrhide,info@fuhrhide.com,fuhrhide,,,fuhrhide,fuhrhide
gajabbazar.com,GajabBazar,contact@gajabbazar.com,gajabbazarofficial,GajabBazar,,gajabbazarofficial,gajabbazar
gastrotools.dk,Gastrotools.dk,info@gastrotools.dk,gastrotoolsdk,,,gastrotools,gastrotools
gatheringgames.co.uk,Gathering Games | Tabletop Gaming Specialists,john@email.com,GatheringGamesUK,,,gatheringgames,gatheringgames
geekd.dk,Geekd | Gaming udstyr til gode priser! | Gamernes valg!,support@geekd.dk,Geekd.dk,Geekdgang,,geekd.dk,geekd
gobar.dk,"Unikt kvalitetsudstyr til hjemmet, køkkenet, baren og borddækning.","Info@gobar.dk, info@gobar.dk",Gobar.dk,,,gobardk,gobar
goldblades.dk,Goldblades.dk,"Info@goldblades.dk, info@goldblades.dk",,,,goldblades.dk,goldblades
gongs-unlimited.com,Gongs Unlimited - The World's Happiest Gong Sellers,info@gongs-unlimited.com,gongsunlimited,gongs,gongs-unlimited,gongsunlimited,gongs-unlimited
greenos.dk,GreenOS.dk - Veganske produkter - Online Supermarked,info@greenos.dk,greenosdk,,,greenos.dk,greenos
halfrid.no,Halfrid - Foldedører for Norge,post@halfrid.no,,,,,halfrid
hemphilia.dk,Økologisk hud og skønhedspleje med hamp og CBD – Hemphilia,"salg@hemphilia.dk, stinehk@hemphilia.dk, influencer@hemphilia.dk",hemphilianordic,,,hemphiliadk,hemphilia
holisticbeauty.dk,Holistic Beauty | Holistisk Hudpleje & Spa i København,info@holisticbeauty.dk,HolisticBeautydk,,,holisticbeautydk,holisticbeauty
hoslange.dk,"Hoslange.dk - Stort udvalg i Gaver, Isenkram, Legetøj og Havemøbler – HosLange",support@heliumdev.com,Lange,,,langeisenkram,hoslange
humlestikk.no,HUMLESTIKK® - Flaskeåpneren med norsk design og kvalitet!,,,,,,humlestikk
hytter-til-salg.shop,tømrermester magnus,info@tomrermagnus.com,,,,,hytter-til-salg
impandmaker.co.uk,"Luxury Food, Drink, Gifts & Dine-in Experiences - IMP & MAKER","paige@impandmaker.co.uk, shauna@impandmaker.co.uk, sarahlouise@impandmaker.co.uk, accounts@impandmaker.co.uk, info@impandmaker.co.uk",IMPandMaker,impandmaker,,impandmaker,impandmaker
ingersoll1892.com,"Designer Mens & Ladies Watches | Ingersoll Watches Online
– Ingersoll 1892",customercare@ingersoll1892.com,Ingersol1892,,,ingersoll_1892,ingersoll1892
inverter-warehouse.co.za,Solar Solutions and Products for Residential & Commercial – Solar & Inverter Warehouse,"admin@siwsa.co.za, returns@siwsa.co.za, sales@siwsa.co.za",,,,,inverter-warehouse
joolca.ca,Portable Camping Shower & Hot Water Heater Solutions | Joolca CA,,groups,,,joolcaco,joolca
kalkknuser.dk,Kalkknuser.dk | Kalkknuser - Slip for kalkgener med den originale Kalkknuser,info@amtech.dk,,,,,kalkknuser
kanka-japan.dk,"Kanka Japan : Japansk Kimono, Haori, Beklædning og tilbehør – Kanka Japan DK",info@kanka-japan.dk,,,,,kanka-japan
kenzzi.com,Laser Hair Removal at Home | Kenzzi,info@kenzzi.com,kenzziipl,,,kenzzi,kenzzi
kital-tools.com,"KITAL -Online Retailer of Industrial Products , MRO Products", globalsales@trusco.co.jp,,,,,kital-tools
klassik.dk,KLASSIK Copenhagen | Nordens største udvalg af brugte designermøbler,"casashop@casashop.dk, klassik@klassik.dk, warehouse@klassik.dk",klassikcopenhagen,,,klassikcopenhagen,klassik
koanna.com,Infrared Sauna Blanket | Europe's Best Home Spa | Koanna,help@koannashop.com,KoannaBrand,,,koanna_brand,koanna
kulogkoks.dk,Kul og koks - det nyeste modetøj til herre – Kul og Koks," Hello@kulogkoks.dk, hello@kulogkoks.dk",kulogkokskolding,,,kulogkoks,kulogkoks
lanera.nl,lanera.nl,info.lanera@gmail.com,,,,,lanera
laudenchocolate.com,Lauden Chocolate | Luxury Handmade Chocolate UK,chocolate@laudenchocolate.com,LaudenChocolate,LaudenChocolate,,LaudenChocolate,laudenchocolate
likeanna.dk,Like ANNA - Dametøj til modebevidste kvinder,kundeservice@likeanna.dk,likeannadk,,,likeannadk,likeanna
lillepip.dk,Lillepip.dk - Shop babytøj og børnetøj online her,"post@handelsfonden.dk, info@lillepip.dk, info@somedomain.com, info@domainname.com, mail@somedomain.com",lillepip.dk,,,lillepip.dk,lillepip
loukrudt.dk,Loukrudt - Interiør og accessories til de vigtigste minimennesker.,info@loukrudt.dk,loukrudt,,,loukrudt,loukrudt
luberaedibles.com,Essbare Jungpflanzen online kaufen - B2B - LuberaEdibles®,office@luberaedibles.com,,,,,luberaedibles
malprivat.dk,Malprivat.dk | Online Farvehandel Med Fysisk Butik I Aarhus,Support@malprivat.dk,Malprivat.dk,,,malprivat.dk,malprivat
mellow-mind.dk,Mellow Mind – Mellow-mind.dk,hello@mellow-mind.dk,500822107095115,,,mellowmind.dk,mellow-mind
metteditmer.dk,"Mette Ditmer | Dansk Interiør, Boligindretning & Design – Metteditmer.dk",kundeservice@metteditmer.dk,Mette.Ditmer.DK,,metteditmerdenmark,metteditmerdenmark,metteditmer
mirificascience.com,Mirifica Science,hello@mirificascience.com,mirificascience,mirificascience,,mirificascience,mirificascience
modekompagniet.dk,Modekompagniet.dk, hey@modekompagniet.dk,,,,,modekompagniet
moebelland.dk,"Møbelland » Nye kvalitetsmøbler til hus & have
– Ringsted Møbelland",moebelland@moebelland.dk,moebelland.dk,,,,moebelland
monroeblvd.com,Monroe Blvd - Empowering the Cannabis Community,support@421store.com,monroeblvd,421store,,421store,monroeblvd
mutebox.dk,"MuteBox - Dansk produceret telefonboks - Kampagnepris 34.995,-",hej@mutebox.dk,,,,,mutebox
mx4ever.dk,mx4ever,info@mx4ever.dk,mx4ever,,,joshuaphillips129,mx4ever
onenova.dk,One Nova – One Nova DK,"d_yV1l_jpg_480x480_473f6c4f-32d1-434a-af3c-978416492281_1024x1024@2x.webp, c_4A1Y_jpg_480x480_1_1024x1024@2x.webp, support@onenova.dk",,,,,onenova
osteposten.dk,Køb ost online - ostebutik og webshop,"info@osteposten.dk, support@boostertheme.com",,,,,osteposten
pdstl.com,TV stand | Buy TV stand and designer accessories for flat screen TV,"logo_160x@2x.webp, logo_200x@2x.webp",pedestalofficial,,,pedestal,pdstl
pergear.com,"PERGEAR | Buy Camera Gear, Photography, Film Making Latest Equipment – Pergear",support@pergear.com,PergearSupport,pergear,,pergear,pergear
pharmabox.be,Pharmabox: Online Apotheek België - Gemakkelijk en voordelig,info@pharmabox.be,PharmaBox.be,,,,pharmabox
photopaperdirect.com,Photo Paper With Free UK Delivery Over £50 at Photo Paper Direct™ – PhotoPaperDirect UK,support@photopaperdirect.com,PhotoPaperDirectUK,PhotoPaper,,,photopaperdirect
piecesbispensgade.dk,Pieces Aalborg Bispensgade,pcdnk442799@bestseller.com,PiecesBispensgade,,,piecesbispensgade,piecesbispensgade
pinfinityar.com,Pinfinity Augmented Reality Pins,help@pinfinityar.com,pinfinityar,pinfinityar,,pinfinityar,pinfinityar
prellitennis.com.au,Prelli Tennis,info@prellitennis.com.au,prellitennis,,,prellitennis,prellitennis
premierbodyarmor.com,Premier Body Armor: Body Armor & Ballistic Plates,"support@premierbodyarmor.com, info@premierbodyarmor.com",premierbodyarmor,premierarmor,,premierbodyarmor,premierbodyarmor
rckongen.dk,RC kongen: RC netbutik | Stort udvalg af rc biler | Levering 1-2 dage,rckongen@rckongen.dk,rckongen,,,,rckongen
realfabrica.com,REAL FÁBRICA Española – Nuestros productos de toda la vida – REAL FABRICA,"support@heliumdev.com, tu_email@ejemplo.es, hola@realfabrica.com",realfabrica,realfabrica,,realfabrica,realfabrica
rhubarbandlemon.com,Rhubarb & Lemon - Vintage Streetwear,hi@beeketing.com,,,,rhubarbandlemon,rhubarbandlemon
richer-poorer.com,Richer Poorer: Confidence in comfort.,info@richer-poorer.com,richerpoorer,richer_poorer,,richerpoorer,richer-poorer
roadid.com,"ROAD iD - World Leaders in Runner ID, Cycling ID & Medical ID",help@roadid.com,,,,,roadid
royaltubs.dk,Royaltubs,"Info@royaltubs.dk, info@royaltubs.dk",Royaltubs,,,,royaltubs
rzcreweurope.com,Get your JDM Performance Parts at best price in Europe! – RzcrewEurope,sales@rzcrewgarage.com,RzcrewGarage,,,rzcrewgarage,rzcreweurope
saluhall.dk,Saluhall.dk,"din@email.com, info@saluhall.se, info@saluhall.dk",,,,,saluhall
scandinavian-medical.com,SMS - Pre-owned medical imaging equipment,sales@scandinavian-medical.com,shopify,shopify,scandinavian-medical-solutions,,scandinavian-medical
scandinavianrest.dk,Dansk tyngdedyne | ScandinavianRest,info@scandinavianrest.dk,scandinavianrest,,,scandinavianrest,scandinavianrest
screwise.com,Screwise™ - Not your typical screwdriver,"help@scewise.com, help@screwise.com",flawlessminitools,,,official.screwise,screwise
sellersalley.com,Sellers Alley,hello@sellersalley.com,sellersalley,,sellers-alley,sellers_alley,sellersalley
selsled.com,Solar LED Lights | Outdoor Commercial Lighting | SELS Solar,customerservice@selsled.com,commercialsolarlights,,,sels_smartsolar,selsled
shotstop.net,ShotStop – ShotStop Ballistics,sales@shotstop.com,shotstopballistics,ShotStopLLC,shotstopballistics,shotstopbodyarmor,shotstop
skuldborgbryghus.dk,Skuldborg Bryghus,skuldborgbryghus@skuldborgbryghus.dk,skuldborgbryghus,,,skuldborgbryghus,skuldborgbryghus
sneakerzone.dk,Sneakerzone - Danmarks fedeste sneakers fra A-Z,"info@sneakerzone.dk, admin@dinhfashionstore.dk",sneakerzoneclub,,,sneakerzoneclub,sneakerzone
spacetribe.com,Space Tribe Clothing & Deco,webshop@spacetribe.com,SpaceTribe.Clothing,SpaceTribe_,,spacetribe.clothing,spacetribe
speedyjig.com,SpeedyJig™,"info@alphidia.com, fiona@alphidia.com",SpeedyJig,speedyjig,,speedyjig,speedyjig
stabbylabs.com,Stabby Labs | Ultra-Compact Every Day Carry Tools,"FPP_Marble_-_Edit_2000x@2x.progressive, support@stabbylabs.com, FPP_Marble_Banner_500f9d9f-1ff5-4833-a907-8c729e00877a_2000x@2x.progressive, support@rdltc.com",,,,stabbylabs,stabbylabs
stelton.dk,Stelton,stelton@stelton.dk,steltondesign,,,steltondesign,stelton
swagstimulus.com,Swag Stimulus,,,,,,swagstimulus
theforumstore.co.uk,"The Forum Store Online

    

    

    
      – The Forum Swindon",hello@theforumstore.co.uk,theforumstore,,,theforumstore,theforumstore
thehomefreehome.com,"The Home Free Home, design your house and breath free

– TheHomeFreeHome",hello@thehomefreehome.com,,,,,thehomefreehome
thelabshop.dk,The Lab Shop,"Kundeservice@thelabshop.dk, hello@thelabshop.dk, office@thelabshop.dk",Thelabshop.dk,,,thelabshop.dk,thelabshop
therike.com,"THE RIKE: Electronics, Sporting Goods, Pet Supplies & More",info@therike.com,therikeinc,therikeinc,therike,therikeinc,therike
totteland.dk,Find udstyr til din lille hund lige her– Totteland.dk,"eksempel@mail.dk, no-image-160-1cfae84eca4ba66892099dcd26e604f5801fdadb3693bc9977f476aa160931ac_x150@2x.gif, kontakt@totteland.dk",,,,,totteland
unlimitedcph.com,UNLIMITED CPH - Limited Sneakers - Always 100% Authentic - Since 2016,info@unlimitedcph.dk,UNLIMITEDCPH,,,unlimitedcphdk,unlimitedcph
vandenbroeklife.com,VAN DEN BROEK LIFE,info@vandenbroeklife.com,vandenbroeklife,,,vandenbroek.life,vandenbroeklife
vibholm.dk,Vibholm.dk - Guld & Sølv | Smykker og Ure til Kvinder & Mænd,info@vibholm.dk,vibholmguldogsoelv,,vibholm-guld-og-s-lv,vibholmguldogsoelv,vibholm
vixilly.com,Vixilly,vixillysup@gmail.com,,,,,vixilly
wonhundred.com,Won Hundred – Won Hundred Online Store,CUSTOMERCARE@WONHUNDRED.COM,WonHundred,,,wonhundred_official,wonhundred
woodenfloors.co.uk,Wooden floors – Wooden Floors UK,"dorset@woodenfloors.co.uk, Sales@woodenfloors.co.uk, sales@woodenfloors.co.uk",,thewoodenfloors,,woodenfloors.co.uk,woodenfloors
workingclassstore.com,Working Class – Working Class,Justin@WorkingClassStore.com,,,,workingclassstore,workingclassstore
worldoftshirts.dk,Worldoftshirts.dk,ezgif.com-gif-maker_1_250x250@2x.gif,,,,,worldoftshirts
xtrahunt.dk,Xtrahunt,info@xtrahunt.dk,xtrahunt,,,xtrahunt,xtrahunt
yeschef.dk,"Yeschef | online asiatisk supermarked, og butik i Rødovre",salg@yeschef.dk,yeschef.dk,,,yeschef.dk,yeschef
zapp.dk,Oplader til elbil | Komplet alt-i-én ladeløsning – Zapp,"u003ejm@zapp.dk, kundeservice@zapp.dk, jm@zapp.dk",zappmobility,,,,zapp
zellert.com,Zellert.com | E-handel og virksomhedspartner til din rådighed,info@zellert.com,zellert,,,zellert_com,zellert
bespoketablecompany.com,Polished Concrete Tables - Bespoke Table Company,sales@bespoketablecompany.co.uk,thebespoketablecompany,,,thebespoketablecompany,bespoketablecompany
alb-filter.com,Alb Filter® | Wasserfilter für Ihr Trinkwasser kaufen,info@blaufaktor.de,Alb.Filter.de,albfilter,,albfilter,alb-filter
arrowuniforms.co.nz,"Arrow Uniforms | Clothes that Work
– Arrow Uniforms NZ"," student@arrowuniforms.co.nz, info@arrowuniforms.co.nz",pg,,arrow-uniforms,,arrowuniforms
beds4u.co.nz,New Zealand Made Quality Beds and Mattresses - Beds4U, Sales@beds4u.co.nz,beds4u,Beds4U_NZ,beds4u-nz,beds4u_nz,beds4u
bellamiprofessional.com,BELLAMI PROFESSIONAL, pro@bellami.com,sharer.php,share,,bellamihairpro,bellamiprofessional
bestfurniture.co.nz,Buy Furniture Online | Christchurch | The Best Furniture Shop, bestfurniture@xtra.co.nz,bestfurniture.co.nz,,,thebestfurnitureshopnz,bestfurniture
bialetti.co.nz,Stovetop Espresso - Moka Pot | Bialetti NZ,info@cyberworkshop.co.nz,BialettiNZOfficial,,,bialettinz,bialetti
bodysculptorx.com,Body Sculptor X - Unique Quality Shapewear – BODY SCULPTOR X,contact@bodysculptorx.com,,,,bodysculptorx,bodysculptorx
carbstudios.com,"California Minimalism
– CA Arts & Recreation Board",,,,,carbstudios,carbstudios
cassiaathome.com,"Cassia at Home Indian Cuisine - Sauces, Spices & Bespoke Candles",orders@cassiaathome.com,cassiaathome,,,cassia_home,cassiaathome
www.chilleeznz.co.nz,"CHILLEEZ NZ
 – Chilleez NZ",chilleeznz@yahoo.com,,,,,www
expleo.co.nz,Buy Meat Online in NZ | Expleo Butchery & Online Butcher - Waipa NZ,john@example.com,,,,,expleo
flatoutoffroad.com,Body Lift Kits | Steering Shaft Extensions | Flatout Off-road NZ,flatoutoffroad@gmail.com,FlatoutOffroad,,,,flatoutoffroad
furmoo.com,"Cowhide Handbags NZ I Fur Bags & Leather Accessories | Furmoo
      – FURMOO","Hello@furmoo.co.nz, hello@furmoo.co.nz, shelley@furmoo.co.nz",furmoofur,,,furmoo,furmoo
garageworkshop.co.nz,Ultimate Garage Storage Solutions,"Info@garageworkshop.co.nz, hello@garageworkshop.co.nz",GarageWorkshopSolutions,,,garageworkshopsolutions,garageworkshop
gorillagaming.co.nz,Gorilla Gaming NZ,help@gorillagaming.co.nz,GorillaGamingSocial,,,gorillagamingsocial,gorillagaming
graystudio.club,Graystudio,graystudio.club@outlook.com,,,,graystudio01,graystudio
greatrangeproducts.co.nz,Great Range Products - Great Deals Every Day!,"sales@greatrangeproducts.co.nz, 4_Channel_DVR___CCTV_Wireless_Outdoor_Camera_1200TVL_6_RVQGWMPQKO2M_580x@2x.jpeg",,,,,greatrangeproducts
greensladesfurniture.co.nz,GREENSLADES FURNITURE: Tauranga's Premier Furniture Store,info@greensladesfurniture.co.nz,greensladesfurniture,,,greensladesfurniture,greensladesfurniture
ippnzshop.co.nz,IPPNZ | Road and Trail Running Specialists,"SALES@IPPNZ.CO.NZ, sales@ippnz.co.nz",IPPNewZealand,,,ipp_nz,ippnzshop
kilbirniesports.co.nz,Online New Zealand sports gear supplier – Kilbirnie Sports,,,,,,kilbirniesports
kiwicarparts.co.nz,KIWI CAR PARTS | KCP EURO | VW Parts | AUDI Parts | BMW Parts | STEREO – Kiwi Car Parts,"sales@kiwicarparts.co.nz, kiwicarparts@gmail.com",kiwicarparts1,kiwicarparts,,kiwicarparts,kiwicarparts
lifeofriley.co.nz,Life of Riley | Dog Beds NZ | Dog Treats,info@lifeofriley.co.nz,lifeofrileynz,,,lifeofriley_dogbeds,lifeofriley
m4a1gelblaster.com,M4A1 Gel Blaster | Biggest and Best Selling Gel Blasters in Australia – M4A1 Gelblaster,"TECH@M4A1GELBLASTER.COM, SALES@M4A1GELBLASTER.COM, ADMIN@M4A1GELBLASTER.COM, cladaya1@yahoo.com.au",MGB,,,m4a1_gelblaster,m4a1gelblaster
mandatory.co.nz,Mandatory Menswear,info@mandatory.co.nz,MandatoryMenswear,mandatorynz,,mandatorynz,mandatory
marithomas.com,Award winning Welsh Jewellery Designer – Mari Thomas Jewellery,"sales@marithomas.com, info@marithomas.com",marithomasjewellery,,,marithomasjewellery,marithomas
moreish.nz,Moreish Organic & Free Range Online Butchery,orders@moreish.nz,moreish.nz,,,moreishonline,moreish
nellusso.co.nz,Nel Lusso,sales@zimba.co.nz,nellusso,,,nellusso.homewares,nellusso
panikeke.com,"PANIKEKE | THE PACIFIC BEAUTY SHOP
 – Panikeke","john@example.com, info@panikeke.com",panikekedotcom,,,panikekedotcom,panikeke
planetretro.co.nz,"Planet Retro - Pop culture, new & vintage clothes funky retro goodness","walking-dead-rick-grimes-306-funko-pop-vinyl_350x@3x.gif, walking-dead-eugene-576-funko-pop-vinyl_350x@3x.gif, harrypotterginnyweasleywithherbroomstickfunkopopvinyl50_350x@3x.gif, coin-purse-millenium-falcon_350x@2x.gif, walking-dead-shane-walsh-369-funko-pop-vinyl_350x@3x.gif, walking-dead-shane-walsh-369-funko-pop-vinyl_350x@2x.gif, fundaysgamesfunkomariotti_becker2packfunkopopvinyls_350x@3x.gif, pokemon-bulbasaur-flocked-funko-pop-vinyl-453_350x@3x.gif, coin-purse-millenium-falcon_350x@3x.gif, star-wars-princess-leia-funko-pop-vinyl-512_350x@2x.gif, walking-dead-negan-clean-shaven-573-funko-pop-vinyl_350x@3x.gif, corvus-glaive-marvel-funko-pop-vinyl-290_350x@2x.gif, cthulhuneongreenfunkopopvinyl03_350x@3x.gif, enquiry@planetretro.co.nz, fundaysgamesfunkomariotti_becker2packfunkopopvinyls_350x@2x.gif, star-wars-princess-leia-funko-pop-vinyl-512_350x@3x.gif, pokemon-charizard-843-funko-pop-vinyl_350x@3x.gif, corvus-glaive-marvel-funko-pop-vinyl-290_350x@3x.gif, simpsonsdevilflanderstreehouseofhorror1029funkopopvinyl_350x@3x.gif, napalm-bomb-megaman-funko-pop-vinyl-384_350x@3x.gif, harry-potter-bellatrix-lestrange-35-funko-pop-vinyl_350x@2x.gif, pokemon-bulbasaur-flocked-funko-pop-vinyl-453_350x@2x.gif, norbertangrybeaverspopvinylfigure322-4_jpg_350x@2x.gif, walking-dead-rick-grimes-prison-yard-67-funko-pop-vinyl_350x@2x.gif, walking-dead-carol-peletier-funko-pop-vinyl-156_350x@2x.gif, tshirt-stranger-things-steve-scoops-ahoy-funko-fundays-2018-2XL_350x@3x.gif, walking-dead-carol-peletier-funko-pop-vinyl-156_350x@3x.gif, mastersoftheuniversedragstorfunkopopvinyl85_350x@3x.gif, mastersoftheuniversedragstorfunkopopvinyl85_350x@2x.gif, tshirt-stranger-things-steve-scoops-ahoy-funko-fundays-2018-2XL_350x@2x.gif, norbertangrybeaverspopvinylfigure322-4_jpg_350x@3x.gif, walking-dead-rick-grimes-306-funko-pop-vinyl_350x@2x.gif, deadpool_glitter_pop_vinyl_320_2_750x@2x.gif, walking-dead-rick-grimes-prison-yard-67-funko-pop-vinyl_350x@3x.gif, harry-potter-bellatrix-lestrange-35-funko-pop-vinyl_350x@3x.gif, cthulhuneongreenfunkopopvinyl03_350x@2x.gif, borderlands-3-handsome-jack-gold-funko-pop-vinyl-594_350x@3x.gif, walking-dead-eugene-576-funko-pop-vinyl_350x@2x.gif, harry-potter-neville-longbottom-funko-pop-vinyl-22_350x@3x.gif, deadpool_glitter_pop_vinyl_320_2_750x@3x.gif, pokemon-charizard-843-funko-pop-vinyl_350x@2x.gif, napalm-bomb-megaman-funko-pop-vinyl-384_350x@2x.gif, daggettangrybeaversfunkopopvinyl323-3_jpg_350x@3x.gif, simpsonsdevilflanderstreehouseofhorror1029funkopopvinyl_350x@2x.gif, daggettangrybeaversfunkopopvinyl323-3_jpg_350x@2x.gif, harry-potter-neville-longbottom-funko-pop-vinyl-22_350x@2x.gif, walking-dead-negan-clean-shaven-573-funko-pop-vinyl_350x@2x.gif, harrypotterginnyweasleywithherbroomstickfunkopopvinyl50_350x@2x.gif, borderlands-3-handsome-jack-gold-funko-pop-vinyl-594_350x@2x.gif",,,,,planetretro
radixnutrition.co.nz,Radix Nutrition | Performance Through Health,info@radixnutrition.com,RadixNutrition,radixnutrition,,RadixNutrition,radixnutrition
sarahflint.com,Sarah Flint | Handcrafted Designer Shoes,support@sarahflint.com,sarahflintnyc,,,sarahflint_nyc,sarahflint
skyloong.vip,SKYLOONG Keyboard - Custom Mechanical Keyboard,info@skyloong.vip,skyloongvip,SkyloongVip,,skyloong_official,skyloong
spoilme.co.nz,"Gift Boxes, Gift Baskets & Hampers | Spoil Me",hello@spoilme.co.nz,spoilmegiftsnz,,,spoilmegiftsnz,spoilme
steelcuts.co.nz,Steel Cuts,sales@steelcuts.co.nz,sharer,share,,,steelcuts
stencil.co.nz,"Stencil Store | Clothing, Footwear and Accessories | Christchurch NZ",orders@stencil.co.nz,pg,,,stencil_store,stencil
taskpower.co.nz,Farm machinery – Outdoor power equipment – TaskpowerNZ,"info@taskpower.co.nz, sales@taskpower.co.nz",Taskpower,,taskpower-nz-ltd,,taskpower
tematagarlic.nz,"Te Mata Garlic | NZ Gourmet Garlic Bulbs, Seed & More
 – Te Mata Garlic Limited",tematagarlic@gmail.com,tematagarlic,,,tematagarlic,tematagarlic
thatssofetch.co.nz,Thats So Fetch - Australian Based Online Female Clothing Boutique – Thats So Fetch NZ,,thatssofetchau,,,thatssofetchau,thatssofetch
theamatcha.com,Organic Matcha Green Tea Powder & Collagen Powder Blends | Thea NZ,,theamatcha,,,thea_matcha,theamatcha
thegoodposterco.com,The Good Poster Co.,support@thegoodposterco.com,thegoodposterco,,,thegoodpostercompany,thegoodposterco
thespashop.co.nz,New Zealand's Leading Online Spa Parts Supplier – The Spa Shop,sales@thespashop.co.nz,profile.php,,,,thespashop
thevapecity.co.nz,The Vape City,info@thevapecity.co.nz,sharer.php,share,,,thevapecity
thrashgaragenz.com,Thrash Garage | NZ's Leading Online Supplier of Automotive Parts — Thrash Garage NZ,sales@thrashgaragenz.com,ThrashGarageNZ,,,thrashgarage_nz,thrashgaragenz
ttcombat.com,Unique Miniatures Games & MDF Wargaming Scenery – TTCombat,info@ttcombat.com,TTCombat,TTCombat,,ttcombatuk,ttcombat
tumbleweedtees.com,Tumbleweed Tees: From + For Nature,info@tumbleweedtees.com,TumbleweedTees,,,tumbleweedtees,tumbleweedtees
vaperstore.co.uk,"Vaper Store - Vapes, Disposables, CBD, Kits, Pods | vaperstore.co.uk",,vaperstoreuk,vaperstoreuk,,vaperstoreuk,vaperstore
vendettaarchive.com,VENDETTA ARCHIVE, vendettaarchive@outlook.com,,,,vendetta.archive,vendettaarchive
vicnz.com,VIC APPAREL,,,,,VIC_NZ,vicnz
vivalavape.co.nz,"Viva La Vape NZ | Vape Juice, Vaping Kits & Mods",shop@vivalavape.co.nz,vivalavape,,,,vivalavape
vsavi.co.uk,"Vape Pens & Pods, E-Liquids, Disposables – VSAVI Vape Kits & CBD",,vsavicbd,VSAVICBD,,vsavicbd,vsavi
waltscomicshop.com,Walt's Comic Shop,info@waltscomicshop.com,waltscomicshop,,,waltscomicshop,waltscomicshop
washpro.co.nz,"Commercial Dishwashers, Ovens & More! 1000's Of Happy NZ Customers", info@washpro.co.nz,,,,,washpro
weare1976.com,WE ARE 1976,hello@weare1976.com,weare1976,weare1976,,weare1976,weare1976
weitzindustries.com,Weitz Industries LTD,,SkunkWorksRacing1,,,skunkworksracing,weitzindustries
xlr8.co.nz,NZ's Leader in Fitness Equipment & Sports Conditioning | XLR8,"GlennJenkins@speedpowerstability.com, sales@xlr8.co.nz",XLR8GEAR,,,,xlr8
1stproduct.com.au,"1ST PRODUCT
    
    
    
      – 1st PRODUCT STORE",store1stproduct@bigpond.com,,,,,1stproduct
alexandriafragrances.com,"Alexandria Fragrances
 – Alexandria Store LLC", sales@alexandriafragrances.com,alexandriafragrances,share,,alexandriafragrances,alexandriafragrances
amigosaotearoa.co.nz,Mezcal NZ | Buy Mezcal Artesanal Joven | Amigos Aotearoa Auckland,info@amigosaotearoa.co.nz,sharer.php,share,,amigosaotearoa,amigosaotearoa
annahstretton.co.nz,"Annah Stretton | Any Woman, Anywhere",sami@strettonclothing.co.nz,annahstrettonnz,AnnahStretton,,annahstretton,annahstretton
aoteamade.co.nz,"Aotea | Made in New Zealand
– Aotea Store",hello@aotea.co,aoteamade,,,aoteamade,aoteamade
awblove.com,Ashley Woodson Bailey Floral Wallpaper,hello@ashleywoodsonbailey.com,ashleywoodsonbailey,,,ashleywoodsonbailey,awblove
bauhaus2yourhouse.com,Modern Classic Furniture | Bauhaus 2 Your House,info@bauhaus2yourhouse.com,,,,,bauhaus2yourhouse
bespokeindustries.co.nz,"""Tailored Solutions For Your Car"" – Bespoke Industries",Sales@bespokeindustries.co.nz,besspoke.industries.nz,,,bespoke_industries_nz,bespokeindustries
billiejo.com.au,Billie Jo – Billie Jo,,,,,billiejolabel,billiejo
bluskyproducts.com.au,BluSky Products Pty Ltd," info@bluskyproducts.com.au, admin@bluskyproducts.co.nz",BluSkyProducts,,,blusky_products,bluskyproducts
booksforless.co.nz,"Books for Less - Secondhand Books
– Books For Less",info@booksforless.co.nz,booksforlessnz,,,booksforlessnz,booksforless
buildmat.com.au,Buildmat - Quality DIY Home Improvement & Renovation Store,"Logo_Horizontal_1000px_white_250x_f1719467-cbd5-4396-b645-092cc9167bf0_180x@2x.webp, sales@buildmat.com.au, Logo_Horizontal_1000px_white_250x_f1719467-cbd5-4396-b645-092cc9167bf0_210x@2x.webp",buildmataus,,,buildmat,buildmat
cakewarehouse.co.nz,Cake Warehouse,,cakewarehousenz,cakewarehousenz,,cakewarehousenz,cakewarehouse
cardbard.co.nz,Card Bard,av.club.chch@gmail.com,,,,av.club.chch,cardbard
caverleyshoes.com.au,Caverley Shoes,Info@Caverleyshoes.com,caverleyshoes,,,caverleyshoes,caverleyshoes
cookietime.co.jp,Cookie Time Japan | Home of New Zealand Snacking,snacks@newzealand.com,cookietime.jp,cookietimejp,,cookietime.jp,cookietime
diamondpetsupplies.co.nz,"Online Pet Store NZ | Treats, Toys, Grooming | Diamond Pet Supplies NZ","Chicken-35ml-Pack-1_345x345@2x.webp, EarthzPet-Lamb-50ml-SIT-Pack-HighRes-1-scaled_345x345@2x.webp, Beef-55ml-Pack-1_345x345@2x.webp, Beef-35ml-Pack-1_345x345@2x.webp, EarthzPet-Lamb-35ml-SIT-Pack-HighRes-1-scaled_345x345@2x.webp, Chicken-55ml-Pack-1_345x345@2x.webp",DiamondPetSuppliesNZ,,,diamondpetsupplies,diamondpetsupplies
drawingsbynicole.com,Drawings By Nicole – Drawings By Nicole,"hi@beeketing.com, drawingsbynicole@gmail.com",drawingsbynicole,,,drawingsbynicole,drawingsbynicole
drones-xpress.com,"Drones, Quadcopters, Parts & Accessories Online Store | Drones Xpress",info@drones-xpress.com,dronesxpress,dronesxpress,,dronesxpress,drones-xpress
eatyourwater.com.au,Eat Your Water | Independent Surf Brand,,eatyourwater,,,eatyourwater,eatyourwater
edentowers.life,Eden Towers | Eden Towers,,edentowerslife,,eden-towers,edentowers_life,edentowers
elleandriley.com,"Elle + Riley Cashmere l New Zealand

  

  

  
    – Elle + Riley New Zealand",,,,,elleandrileycashmere,elleandriley
ergokid.com,ergokid - Ergonomic Furniture & School Backpacks - Singapore Online,info@ergokid.com,ergokid,ergokid_SG,ergokid,ergokid,ergokid
escooteroo.com.au,Shop E-Scooters & Parts Online | EscooteRoo Australia – Escooteroo,support@escooteroo.com.au,,,,escooteroo.australia,escooteroo
essentialflyfisher.com.au,Fly Fishing Gear Launceston Tasmania Australia | essential Flyfisher,sales@essentialflyfisher.com.au,essentialflyfisher.com.au,,,essentialflyfisher,essentialflyfisher
etoilecollective.com.au,"The Best in Beauty Accessories, Makeup Storage, Makeup Bags & Mirrors - Etoile Collective","hello@etoilecollective.com.au, u003esupport@etoilecollective.com.au, support@etoilecollective.com.au",,,,,etoilecollective
fila.co.nz,"Fila: Lifestyle, Sportswear, Shoes & Accessories",c8fedba9bd9b48ab9b38bf1143ff8f86@o1020015.ingest.sentry,FILAAustralia,,,fila_australia,fila
floosie.co.nz,Floosie NZ,INFO@FLOOSIE.CO.NZ,Floosienzdesignstore,,,https,floosie
foody.nz,"Foody NZ - Your Best Vietnamese Food Store
    
    
    
    
    
      – Foody NZ - Vietnamese Food Store",hello@foody.nz,VNFOODYNZ,,,,foody
foxandroo.com.au,"Fox and Roo Kids - Baby & Kids Clothing, Accessories, Toys + More!",hello@foxandroo.com.au,foxandroostore,,,foxandroostore,foxandroo
frankgreen.com,"Reusable Cups and Bottles, Stainless Steel Cups
  
  
  
    – frank green Australia","FG_ECOMM_HIGH_RES_CORE_CUPS_3-IN-1_INSULATED_DRINK_HOLDER_BUILT_CAN_KHAKI_400x@2x.gif, FG_ECOMM_WEB_RES_CORE_CUPS_3-IN-1_INSULATED_DRINK_HOLDER_BUILT_GIF_BLUSHED_V1.01_600x@2x.gif, FG_ECOMM_HIGH_RES_CORE_CUPS_3-IN-1_INSULATED_DRINK_HOLDER_BUILT_CAN_KHAKI_600x@2x.gif, FG_ECOMM_WEB_RES_CORE_CUPS_3-IN-1_INSULATED_DRINK_HOLDER_BUILT_GIF_BLUSHED_V1.01_400x@2x.gif, FG_ECOMM_WEB_RES_CORE_CUPS_3-IN-1_INSULATED_DRINK_HOLDER_BUILT_GIF_BLUSHED_V1.01_320x@2x.gif, FG_ECOMM_HIGH_RES_CORE_CUPS_3-IN-1_INSULATED_DRINK_HOLDER_BUILT_CAN_KHAKI_320x@2x.gif",frankgreen.official,_frankgreen,frank-green,frankgreen_official,frankgreen
freshfry.me,FreshFry: Powered by Plants. Home of Pods.,"info@freshfry.me, Info@freshfry.com",FreshFryLou,freshfry_pods,freshfry,freshfry.me,freshfry
glidegear.net,"Professional Filming Equipment | Professional Video Gear | Koncept Innovators, LLC","contact@glidegear.net, support@glidegear.net",GlideGear,,,glidegear,glidegear
hairworks.co.nz,Hairworks Extra," joico-colorful-sham__71631_315x315@2x.webp, joico-colorful-cond__78779_315x315@2x.webp, logo-hairworks_250x@2x.gif, support@simprosys.com, hairworks@inspire.net.nz, copper_315x315@2x.webp, JOICOK-PAKCONDITIONERFORDAMAGEDHAIR250ML_530x_2x_8687e506-b84f-4bc0-b4af-75c00bf095fd_315x315@2x.webp, violet_315x315@2x.webp",HairworksNZ,,,hairworks_extra,hairworks
hunterselement.co.nz,Hunters Element | NZ Performance Camo Hunting Jackets and Clothing,info@evolveoutdoors.com,HuntersElement,,,hunterselement,hunterselement
iloveparis.co.nz,I Love Paris,"samara@iloveparis.co.nz, store@iloveparis.co.nz",iloveparisshoestore,,,iloveparisshoestore,iloveparis
incroast.com,INC Roast,hello@incroast.com,incroast,,,inc_roast,incroast
ironknightgaming.co.nz,Iron Knight Gaming - Online Hobby Store,sales@ironknightgaming.co.nz,IronKnightNZ,,,,ironknightgaming
kanvaskingdom.com,"Kanvas kingdom
 – Kanvas Kingdom"," support@kanvaskingdom.com, Support@kanvaskingdom.com, 20support@kanvaskingdom.com",,,,,kanvaskingdom
kawaiies.com,Kawaiies Collection | The Official Store For Cute Plushies,info@kawaiies.com,kawaiies.co,kawaiiesco,,kawaiies.collection,kawaiies
koop.co.nz,"Beautiful Homeware, Decor & Gifts Online in NZ | KOOP | — Koop",contact@koop.co.nz,Koopnz,,,koopnzhome,koop
loxandchain.com.au,"Lox & Chain
– Lox & Chain",hola@loxandchain.com,,,,loxandchain,loxandchain
mahsa.co.nz,Mahsa,mahsa@mahsa.co.nz,,,,mahsa.label,mahsa
maplestore.com.au,Maplestore - Mens & Womens Premium Fashion Clothing Store Australia,hi@maplestore.com.au,maplestore,,,maplestore,maplestore
mightymart.co.nz,Mighty Mart – Mighty Mart NZ,help@mightymart.co.nz,mightymartnz,,,mightymartnz,mightymart
mitchellsnutrition.com,"Bone Broth Powder | Protein Powder | Collagen | Made and Owned in NZ
– Mitchells Nutrition",,dialog,intent,,mitchells.nz,mitchellsnutrition
modernlovecashmere.co.nz,Modern Love Cashmere – New Zealand – Everyday Cashmere Luxury, info@modernlovecashmere.co.nz,modernlovecashmere,undergrndmedia,,modernlovecashmere,modernlovecashmere
motomounts.co.nz,Motomounts | Premium camera mounts for your helmet,"support@motomounts.co.nz, Support@motomounts.co.nz",Motomounts,,,motomounts,motomounts
motomox.co.nz,Motomox - New Zealand's Premier Adventure Shop,moxsales@Motomox.co.nz,moxbikes.co.nz,,,,motomox
musichood.co.nz,"DJ equipment Car Audio Electronics Wholesale
– Musichood","no-image-2048-5e88c1b20e087fb7bbe9a3771824e743c244f437e4f8ba93bbf7b11b53f7824c_195x195@2x.gif, info@tunex.co.nz",musichoodnz,,,,musichood
nationaldistillery.nz,The National Distillery Company Limited,hello@nationaldistillery.nz,nationaldistillerynz,distilleryofnz,,nationaldistillerynz,nationaldistillery
nest-direct.com,"Designer Homeware Store, New Zealand | Nest",,nesthomeware,,,nest_direct,nest-direct
notvanilla.co.nz,Not Vanilla Adult Toys | NZ Owned & Operated | Order Quality Now,info@notvanilla.co.nz,,,,notvanillaadulttoys,notvanilla
nzoffroader.nz,"Official NZ Offroader your 4X4 parts, accessories and services store",shop@nzoffroader.com,nzoffroader,nzoffroader,nzoffroader,,nzoffroader
omnizee.com,"OmniZee | Shop Electronics, Computers, Mobile Phones & Accessories",info@omnizee.com,omnitechnz,,,omnitech.nz,omnizee
outdooraction.co.nz,Outdoor Action NZ | Online Adventure Store,Service@outdooraction.co.nz,OutdoorAction.co.nz,,,outdooractionnz,outdooraction
paintvine.co.nz,"New Zealand's Favourite Paint & Wine Night #1 Since 2017
– Paintvine®", hello@paintvine.co.nz,paintvine,trypaintvine,paintvine,trypaintvine,paintvine
partycostumes.co.nz,Party Costumes NZ | One of the Largest Range Available for New Zealand,sales@partycostumes.co.nz,Party,,,,partycostumes
pastelcosmeticsuk.com,Pastel Cosmetics UK,info@pastelcosmeticsuk.com,pastelcosmeticsuk.official,,,pastelcosmetics_uk,pastelcosmeticsuk
peppyco.com,Peppy Co,chef99aus@hotmail.com,peppycoau,,,peppycoau,peppyco
petfeeders.co.nz,"Personalised Pet Feeders
– Personalised Pet Feeders",,Personalised,,,,petfeeders
petpawtrolfamily.com,Pet PAWtrol,"petpawtrol_large_300x@2x.PNG, support@petpawtrolfamily.com",,,,,petpawtrolfamily
plateup.co.nz,Plate Up | Classic Kiwi Meal Delivery Service,"contact@hellofoods.co.nz, info@plateup.co.nz",plateupnz,,,plateupnz,plateup
powertech.co.nz,Solar Power Systems | Solar Power | Batteries | UPS | Power Technology,sales@powertech.co.nz,powertechNZ,PowerTECHN0L0GY,1431413,powertechltd,powertech
pumpsonline.co.nz,Water Pump and Filter Sales,"sales@pumpsonline.nz, installs@pumpwarehouse.nz, sales@pumpsonline.co.nz",,,,,pumpsonline
retromanufacturing.com,"RetroSound. Modern Sound for Your Classic.
– Retro Manufacturing",,RetroManufacturing,Retro_MFG,,retromanufacturing,retromanufacturing
roderer.co,RODERER > LUXURY ESSENTIALS FOR THE MODERN MAN,info@roderer.co,rodererworld,RODERERWORLD,,rodererworld,roderer
sashopnz.co.nz,The South African Shop - Auckland - New Zealand,Lyle_sGoldenSyrup907g_580x@2x.webp,,,,,sashopnz
sesdirect.co.nz,SES Direct LTD- NZ's No1 In Outdoor Power – SES Direct Ltd,,smallenginespares,,,,sesdirect
shopilamwatchmakers.co.nz,Ilam Watchmakers,"shop@ilam-watchmakers.co.nz, ilam.watchmakers@xtra.co.nz",IlamWatchmakers,,,,shopilamwatchmakers
sistersandco.com,Sisters & Co | Womens Designer Clothing | FREE Shipping & Returns," ezgif.com-gif-maker_x270@2x.gif, 16292203_39051288_1320_x480@2x.webp, PLAITEDSANDALBLKWR1_1080x_2x_2e028c9a-899f-4b96-a951-128820cc13fc_900x900@2x.webp, JLW_KATEFORD_LOMBOK3_1400x_1cf86920-ee89-4bd4-be1f-ec9c8aedb8aa_2x_1_900x900@2x.webp, 220811_Assembly_0419_1120x_2x_4d038e22-fe06-473c-99fd-57eb699de762_900x900@2x.webp, online@sistersandco.co.nz",sistersnz,,,sisterssnaps,sistersandco
sockdrawerheroes.com,Sock Drawer Heroes - Australia's Gender Expression Store, hello@sockdrawerheroes.com,sockdrawerheroes,,,sockdrawerheroes,sockdrawerheroes
stacksfurniture.co.nz,Stacks Furniture Store | Wellington, info@stacksfurniture.co.nz,stacksfurniturestore,,,stacksfurniturestore,stacksfurniture
sundayhomestore.co.nz,Sunday • NZ Homeware + Design Store • Design a Home + Life You Love,shop@sundayhomestore.co.nz,,,,sundayhomestore,sundayhomestore
swolefoods.co.nz,"Healthy Pre Made Ready Made Meals Delivered in Auckland | SwoleFoods
– Swolefoods","enquiries@swolefoods.co.nz, jonas@launchagency.co.nz",,,,,swolefoods
techoutlet.co.nz,Tech Outlet Store: Bringing Innovative Technology to New Zealand — Techoutlet,"hi@beeketing.com, sales@techoutlet.co.nz",,,,,techoutlet
tematafigs.co.nz,Te Mata Figs, info@tematafigs.co.nz,tematafigs,nzfigs,,tematafigs,tematafigs
thebrooklyn.co.nz,The Brooklyn | Premium Pet Products,hello@thebrooklyn.co.nz,ShopTheBrooklyn,,,thebrooklynofficial,thebrooklyn
thecosmeticstore.co.nz,"The Cosmetic Store – Buy Japanese and Korean Beauty Product in NZ
– The Cosmetic Store New Zealand",info@thecosmeticstore.co.nz,thecosmeticstorenz,,,cosmeticstore_nz,thecosmeticstore
thecyclery.co.nz,"The Cyclery - Timaru
– The Cyclery NZ",enquiries@thecyclery.co.nz,thecyclerytimaru,,,thecyclerytimaru,thecyclery
thedartdepot.co.nz,The Dart Depot NZ® | Darts & Cue Sport Gear,"hello@thedartdepot.com, dart_logo_215x_2x_4f2f8ee4-4149-43a3-9831-57ed4f337336_215x@2x.webp",thedartdepot,share,,thedartdepot,thedartdepot
theflowerbar.co.nz,The Flower Bar | Howick Florist | Auckland Wide Delivery, sales@theflowerbar.co.nz,theflowerbar.nz,,,theflowerbar.nz,theflowerbar
thefurniturestore.co.nz,"The Furniture Store | Bedroom, Living & Dining Room Furniture Auckland– The Furniture Store & The Bed Shop",info@thefurniturestore.co.nz,,,,,thefurniturestore
thehobbywarehouse.co.nz,The Hobby Warehouse Ltd.,"john@example.com, admin@thehobbywarehouse.co.nz",thehobbywarehouse.co.nz,,,,thehobbywarehouse
theleatherguy.org,"The Leather Guy | Leather Hides, Scraps, Supplies & Hardware",sales@theleatherguy.org,theleatherguyofmn,theleatherguymn,,theleatherguymn,theleatherguy
thelockerroomjock.com,The Locker Room Jock - Everything a real jock would wear,howdy@thelockerroomjock.com,The,lockerroomjock,,thelockerroomjock,thelockerroomjock
theshoecurator.com,The Shoe Curator | New Zealand Based Luxury Shoe Boutique,"u003ehello@theshoecurator.com, hello@theshoecurator.com",TheShoeCurator,,,theshoecurator_nz,theshoecurator
thewildrose.co.nz,Flower Delivery Auckland & NZ Wide I 7 Day Delivery,"yaaaa_150x_59549823-ea60-4b85-8855-8ea3db195cb2_150x@2x.webp, yaaaa_150x_59549823-ea60-4b85-8855-8ea3db195cb2_100x@2x.webp",thewildrosenewzealand,,,thewildrosenz,thewildrose
tokyocollect.co.uk,Tokyo Collect | Officially Licensed Anime Figures | UK Based,info@tokyocollect.co.uk,,,,tokyocollect,tokyocollect
totalbodyshop.co.nz,Total Bodyshop Supplies,onlinestore@totalbodyshop.co.nz,totalbodyshopsupplies,,,totalbodyshopsupplies,totalbodyshop
toteme-studio.com,"TOTEME - Official online store

  

  

  

  
    – Totême",shop@toteme-studio.com,totemeofficial,,,toteme,toteme-studio
twillthrows.com,Quality New Zealand Wool Throws and Blankets – Twill Throws,info@inter-weave.co.nz,twill.throws,,,twillbyinterweave,twillthrows
unionjacks.co.nz,Home | Union Jack's - The British Foods Store,info@unionjacks.co.nz,unionjacksnz,,,,unionjacks
urbanwellness.co.nz,Wellness Centre | Natural Health & Wellbeing | Urban Wellness Space,hello@urbanwellness.co.nz,urbanwellness.space,,,urbanwellness.space,urbanwellness
vapemerchant.nz,"Vape Shop NZ Australia | E-Liquid, Pod Vapes, Starter Kits – Vape Merchant","myscript@vapemerchant.co.nz, info@vapemerchant.nz",,,,,vapemerchant
vapourium.nz,Vape NZ - Eliquid - Pods - Vape Pen - Nic Salt New Zealand | Vapourium,customerservice@vapourium.nz,groups,vapouriumnz,,vapourium,vapourium
viktual.co.nz,Viktual+,,viktualplus,,,viktualplus,viktual
vividshop.com.au,Vividshop,info@vividshop.com.au,vividshop,,,vividshopsydney,vividshop
wixii.co.nz,Wixii | Natural Fabrics | New Zealand Sustainable Clothing,,wixiionline,,,wixiionline,wixii
wolvesofwellington.com,"Wolves of Wellington | Dog Collars, Leashes, Harnesses & Access...",hello@wolvesofwellington.com,wolvesofwellington,,,wolvesofwellington,wolvesofwellington
yiyitoy.shop,yiyitoy,"yimerroint@outlook.com, support@halothemes.com",shopify,shopify,,shopify,yiyitoy
biograde.ca,BIOGRADE,"info@biograde.ca, AdobeStock_132806341-e1507838973936_480x480@2x.jpeg",,,,,biograde
beautyfolks.com.sg,Beautyfolks - beauty & health,,,,,,beautyfolks
vertexpowertools.com,Vertex Tools Marketing Corporation Philippines – vertexpowertools,vertexpowertools@gmail.com,goldapextools,,,,vertexpowertools
313.co.nz,313 NZ DISTRIBUTION,contact@313distribution.co.nz,,,,,313
3sixtgear.com,3sixT Gear,"u003eadmin@3sixtgear.com, admin@3sixtgear.com, u003esupport@3sixtgear.com",3sixtgear,,3sixt-pty-ltd,3sixtgear,3sixtgear
a3performance.com,A3 Performance – Lead. Innovate. Inspire.,"info@A3performance.com, info@a3performance.com",a3performance,a3performance,a3-performance--performance-swimwear,a3performance,a3performance
abetterme.co.nz,Skincare and Health Products Online – aBetterMe NZ,,,,,,abetterme
acbrisbane.com.au,Air Conditioning Brisbane Northside | Expert Repairs & Installation | Call 1300 222 747,info@acbrisbane.com.au,airconditioningbris,air_brisbane,,airconditioningbrisbane,acbrisbane
adorno.co.nz,"adorno
– adorno limited",,,,,adorno_style,adorno
agileofficefurniture.co.nz,Office Furniture NZ - Agile Office Furniture,info@agileofficefurniture.co.nz,AgileOfficeFurniture,,,agileofficefurniture,agileofficefurniture
airguncapital.com,Airgun Capital,,sharer.php,share,,,airguncapital
alhumaira.com,ALHUMAIRA,"sales@alhumaira.com, support@alhumaira.com",alhumairaofficial,,,alhumairaofficial,alhumaira
allgroom.co.nz,AllGroom - Specialised on Animal Grooming Products,"u003eana@allgroom.co.nz, info@cyberworkshop.co.nz, ana@allgroom.co.nz",,,,,allgroom
allwaysangling.com.au,Allways Angling | Fishing gear and Fishing Accessories | Shop Online,sales@allwaysangling.com.au,AllwaysAngling,,,allways_angling,allwaysangling
allyouneedle.co.nz,All You Needle – All You Needle NZ," kilatechapps@gmail.com, marketing@allyouneedle.co.nz",Alluneedle,,,allyouneedlenz,allyouneedle
altusfineart.com,"Altus Fine Art: Christ & Family-Centered Art, Frames, Prints, & More.", altusinfo@altusfineart.com,altusart,,,altusfineart,altusfineart
alulu.com.au,ALULU | Shop Sustainable Swimwear | AfterPay & Zippay Available,"swiper@8.1.5-bundle.min.css, swiper@8.1.5.min.js, brendan@alulu.com.au, hello@alulu.com.au",ALULUSWIM,,,aluluswim,alulu
anglersworld.com,"Boating, Fishing & Outdoor Supplies | Angler's World",support@anglersworld.com,anglersworldoutdoor,,,anglersworld1,anglersworld
apparis.com,"APPARIS Official site | Bold Vegan Fashion
–
		Apparis",,,,,apparis,apparis
aquaforest.co.nz,"Aquaforest Aquarium Studio
– AquaForest Aquarium Studio",All-For-ReefGruppe2_7299a5f3-4230-417f-88ee-597048e5b7fb_195x195@2x.webp,,,,,aquaforest
arkossahome.com,Arkossa,info@arkossahome.com,profile.php,,,arkossahome,arkossahome
artresin.co.nz,Clear Epoxy Resin – ArtResin NZ,logo_140x@2x.webp,artresin,,,art_resin,artresin
asheswithart.co.uk,Ashes into Jewellery By Ashes With Art,hello@asheswithart.co.uk,asheswithart,asheswithart,,asheswithart,asheswithart
astronz.nz,"Telescope Shop. Mounts, Eyepieces, Accessories, Binoculars

    

    

    
      – Astronz",sales@astronz.nz,Astronz,astronznz,,astronznz,astronz
auroratables.co.nz,Aurora Tables Massage Supplies, aurora@auroranz.com,,,,,auroratables
babyonline.co.nz,Apple Pay,info@babyonline.co.nz,babyonlinenz,,,babyonlinenz,babyonline
bakcou.com,Bakcou,,bakcoulife,bakcoulife,,bakcoulife,bakcou
